customer_id,recency_days,frequency,monetary,r,f,m,segment
17056,739,1,128.6,1,1,1,Hibernating
13526,739,2,1182.0,1,2,3,Hibernating
14654,739,1,246.86,1,1,1,Hibernating
17592,739,1,148.3,1,1,1,Hibernating
17087,738,1,221.53,1,1,1,Hibernating
15833,738,1,80.4,1,2,1,Hibernating
14980,738,1,150.68,1,1,1,Hibernating
17606,738,1,87.3,1,2,1,Hibernating
17818,738,1,124.78,1,1,1,Hibernating
14106,738,1,214.8,1,1,1,Hibernating
17909,738,1,110.05,1,1,1,Hibernating
16301,737,1,107.33,1,1,1,Hibernating
14750,737,1,112.03,1,1,1,Hibernating
14347,737,1,82.6,1,2,1,Hibernating
15794,737,2,777.0,1,2,3,Hibernating
12934,737,1,181.65,1,1,1,Hibernating
17271,737,1,204.3,1,1,1,Hibernating
15999,736,1,20.4,1,2,1,Hibernating
16192,736,1,351.3,1,1,2,Hibernating
16541,736,1,424.03,1,1,2,Hibernating
14979,736,1,429.66,1,2,2,Hibernating
16645,736,1,160.39,1,1,1,Hibernating
17151,736,1,231.9,1,1,1,Hibernating
16410,735,1,130.32,1,1,1,Hibernating
16964,734,2,207.85,1,2,1,Hibernating
15479,734,1,147.4,1,1,1,Hibernating
14123,734,1,436.18,1,2,2,Hibernating
14717,734,1,81.3,1,2,1,Hibernating
14468,734,1,204.24,1,1,1,Hibernating
16277,734,1,188.69,1,1,1,Hibernating
14003,733,1,209.41,1,1,1,Hibernating
17441,733,1,293.35,1,1,2,Hibernating
18162,733,1,371.51,1,1,2,Hibernating
12443,733,1,365.31,1,1,2,Hibernating
14574,733,1,143.7,1,1,1,Hibernating
14955,733,1,163.77,1,1,1,Hibernating
13905,733,1,312.65,1,1,2,Hibernating
13025,732,1,323.39,1,1,2,Hibernating
15924,732,1,102.82,1,1,1,Hibernating
13204,732,1,966.66,1,2,3,Hibernating
17178,732,1,432.96,1,2,2,Hibernating
15162,732,1,312.9,1,1,2,Hibernating
17296,731,1,338.13,1,1,2,Hibernating
13498,731,1,327.38,1,1,2,Hibernating
13114,731,1,234.38,1,1,1,Hibernating
15209,731,1,178.98,1,1,1,Hibernating
12487,731,1,285.3,1,1,1,Hibernating
15302,731,1,308.0,1,1,2,Hibernating
15085,730,1,347.54,1,1,2,Hibernating
16901,730,1,204.26,1,1,1,Hibernating
15642,730,1,105.78,1,1,1,Hibernating
16459,730,1,71.79,1,2,1,Hibernating
16663,730,1,165.0,1,1,1,Hibernating
12979,730,1,517.7,1,2,2,Hibernating
15823,730,2,3867.17,1,2,5,Hibernating
17487,729,1,160.55,1,1,1,Hibernating
17910,727,1,261.7,1,1,1,Hibernating
13768,727,2,875.97,1,3,3,At risk
17066,727,1,228.34,1,1,1,Hibernating
13087,727,1,313.64,1,1,2,Hibernating
16280,726,1,238.05,1,1,1,Hibernating
12992,726,1,93.35,1,1,1,Hibernating
15534,726,1,162.25,1,1,1,Hibernating
14042,726,1,431.98,1,2,2,Hibernating
17012,726,1,360.61,1,1,2,Hibernating
15672,726,1,45.3,1,2,1,Hibernating
16064,726,1,109.31,1,1,1,Hibernating
17318,726,1,157.33,1,1,1,Hibernating
15188,726,1,310.43,1,1,2,Hibernating
14977,726,1,31.93,1,2,1,Hibernating
12941,725,1,377.49,1,1,2,Hibernating
17067,725,3,454.54,1,3,2,At risk
16605,725,1,60.48,1,2,1,Hibernating
15499,724,1,158.65,1,1,1,Hibernating
16694,724,1,98.3,1,1,1,Hibernating
16195,724,1,323.25,1,1,2,Hibernating
13289,724,1,307.95,1,1,2,Hibernating
17833,724,1,338.46,1,1,2,Hibernating
18012,724,1,115.3,1,1,1,Hibernating
18186,723,1,329.58,1,1,2,Hibernating
17103,723,1,424.3,1,1,2,Hibernating
14095,723,1,2.95,1,2,1,Hibernating
16908,723,1,252.59,1,1,1,Hibernating
16439,723,1,310.7,1,1,2,Hibernating
18201,723,1,447.53,1,2,2,Hibernating
15409,722,1,131.25,1,1,1,Hibernating
17927,722,1,294.0,1,1,2,Hibernating
13847,720,1,310.72,1,1,2,Hibernating
13111,719,1,321.88,1,1,2,Hibernating
14969,704,1,906.23,1,2,3,Hibernating
15324,702,1,140.22,1,1,1,Hibernating
18115,698,1,9.7,1,2,1,Hibernating
17352,697,1,36.25,1,2,1,Hibernating
17945,697,3,359.5,1,3,2,At risk
13622,697,1,658.95,1,2,3,Hibernating
14137,696,1,332.7,1,1,2,Hibernating
16304,695,1,381.66,1,1,2,Hibernating
12860,694,1,54.22,1,2,1,Hibernating
15413,692,5,6798.72,1,4,5,Can't lose them
13907,692,1,136.8,1,1,1,Hibernating
15375,691,1,60.96,1,2,1,Hibernating
14892,691,1,202.35,1,1,1,Hibernating
16867,690,1,76.74,1,2,1,Hibernating
12470,690,1,211.95,1,1,1,Hibernating
15697,690,1,246.75,1,1,1,Hibernating
14983,690,1,183.2,1,1,1,Hibernating
13315,690,1,310.26,1,1,2,Hibernating
13457,689,2,148.22,1,2,1,Hibernating
17875,689,1,167.1,1,1,1,Hibernating
14207,688,1,157.8,1,1,1,Hibernating
17794,687,2,147.3,1,2,1,Hibernating
14274,687,1,256.6,1,1,1,Hibernating
16822,687,1,181.39,1,1,1,Hibernating
14063,687,7,9471.5,1,4,5,Can't lose them
14879,685,1,185.06,1,1,1,Hibernating
14070,685,1,321.6,1,1,2,Hibernating
14751,685,2,126.45,1,2,1,Hibernating
13036,685,1,307.1,1,1,2,Hibernating
14519,684,2,203.14,1,2,1,Hibernating
14376,684,1,215.46,1,1,1,Hibernating
18199,684,1,344.75,1,1,2,Hibernating
15959,683,3,542.89,1,3,2,At risk
16481,683,1,453.38,1,2,2,Hibernating
12439,683,2,1142.88,1,2,3,Hibernating
12869,682,1,337.67,1,1,2,Hibernating
16051,682,1,188.44,1,1,1,Hibernating
14831,681,3,1676.57,1,3,4,At risk
14613,681,1,76.32,1,2,1,Hibernating
16137,681,1,422.7,1,1,2,Hibernating
17982,681,1,138.18,1,1,1,Hibernating
16673,680,1,171.13,1,1,1,Hibernating
16802,680,2,582.61,1,2,2,Hibernating
15487,680,1,231.32,1,1,1,Hibernating
15317,678,1,129.75,1,1,1,Hibernating
15588,678,1,579.6,1,2,2,Hibernating
15338,678,1,277.93,1,1,1,Hibernating
13392,678,1,91.14,1,1,1,Hibernating
14637,678,1,106.68,1,1,1,Hibernating
13511,677,1,282.76,1,1,1,Hibernating
13628,677,1,310.14,1,1,2,Hibernating
12848,676,1,208.0,1,1,1,Hibernating
18175,676,1,176.1,1,1,1,Hibernating
13553,675,1,499.6,1,2,2,Hibernating
14545,675,1,349.25,1,1,2,Hibernating
13757,675,1,195.55,1,1,1,Hibernating
12396,675,1,931.43,1,2,3,Hibernating
14151,674,2,679.45,1,2,3,Hibernating
17328,674,1,104.7,1,1,1,Hibernating
13234,673,2,346.5,1,3,2,At risk
13009,673,1,234.0,1,1,1,Hibernating
18267,673,1,269.37,1,1,1,Hibernating
16082,671,1,106.75,1,1,1,Hibernating
17294,670,2,467.79,1,2,2,Hibernating
17319,670,1,29.1,1,2,1,Hibernating
18070,670,1,314.1,1,1,2,Hibernating
15892,670,1,128.2,1,1,1,Hibernating
14884,670,1,120.6,1,1,1,Hibernating
13119,669,1,134.9,1,1,1,Hibernating
15082,669,1,93.35,1,1,1,Hibernating
17810,669,2,343.21,1,3,2,At risk
16530,669,1,48.35,1,2,1,Hibernating
16436,669,3,319.14,1,3,2,At risk
17575,668,1,171.7,1,1,1,Hibernating
12776,668,1,27.5,1,2,1,Hibernating
13442,668,3,419.87,1,3,2,At risk
17780,668,3,346.56,1,3,2,At risk
15176,668,1,988.04,1,2,3,Hibernating
15765,667,1,370.63,1,1,2,Hibernating
14190,667,1,79.9,1,2,1,Hibernating
14072,667,1,390.85,1,1,2,Hibernating
16577,667,1,380.0,1,1,2,Hibernating
15293,666,1,247.5,1,1,1,Hibernating
15964,664,1,269.21,1,1,1,Hibernating
14943,664,1,107.62,1,1,1,Hibernating
17108,664,1,174.95,1,1,1,Hibernating
15371,663,1,59.4,1,2,1,Hibernating
17136,663,1,231.68,1,1,1,Hibernating
15359,663,8,181.35,1,4,1,Can't lose them
17778,662,1,197.7,1,1,1,Hibernating
17662,662,2,412.92,1,2,2,Hibernating
15662,662,2,283.73,1,2,1,Hibernating
14989,662,1,342.4,1,1,2,Hibernating
14244,661,1,366.42,1,1,2,Hibernating
18285,661,1,377.0,1,1,2,Hibernating
18153,660,1,246.22,1,1,1,Hibernating
14783,660,1,307.3,1,1,2,Hibernating
17721,660,1,307.21,1,1,2,Hibernating
15693,660,1,37.5,1,2,1,Hibernating
13604,659,1,717.62,1,2,3,Hibernating
13191,659,1,159.21,1,1,1,Hibernating
14602,657,1,205.36,1,1,1,Hibernating
12416,657,1,202.56,1,1,1,Hibernating
15928,657,1,293.53,1,1,2,Hibernating
17439,656,1,325.74,1,1,2,Hibernating
17195,656,1,562.98,1,2,2,Hibernating
14558,655,3,655.5,1,3,3,At risk
14726,655,1,116.5,1,1,1,Hibernating
14091,655,2,9530.08,1,2,5,Hibernating
13490,655,1,154.25,1,1,1,Hibernating
15295,655,1,207.04,1,1,1,Hibernating
13469,654,1,82.4,1,2,1,Hibernating
16388,654,1,186.05,1,1,1,Hibernating
13765,654,1,352.82,1,1,2,Hibernating
13944,654,1,200.43,1,1,1,Hibernating
17207,653,1,291.77,1,1,2,Hibernating
16118,653,1,4376.25,1,2,5,Hibernating
14402,653,1,285.6,1,1,2,Hibernating
17209,650,3,595.7,1,3,2,At risk
15943,650,2,271.29,1,2,1,Hibernating
15477,650,1,368.4,1,1,2,Hibernating
18046,650,1,189.63,1,1,1,Hibernating
16273,649,2,318.34,1,3,2,At risk
14131,649,1,168.22,1,1,1,Hibernating
17116,649,1,389.78,1,1,2,Hibernating
16731,649,1,170.3,1,1,1,Hibernating
17305,649,1,2135.46,1,2,4,Hibernating
17638,648,2,842.4,1,2,3,Hibernating
15927,648,1,106.54,1,1,1,Hibernating
13793,647,1,96.0,1,1,1,Hibernating
18152,647,1,426.69,1,2,2,Hibernating
15875,647,1,108.52,1,1,1,Hibernating
18148,647,1,112.85,1,1,1,Hibernating
16285,647,1,176.9,1,1,1,Hibernating
13879,646,1,395.5,1,1,2,Hibernating
14018,646,1,367.15,1,1,2,Hibernating
17577,646,2,348.75,1,3,2,At risk
15929,645,1,594.0,1,2,2,Hibernating
12568,645,1,52.0,1,2,1,Hibernating
18029,643,1,433.77,1,2,2,Hibernating
14369,643,2,469.13,1,2,2,Hibernating
16534,643,1,635.9,1,2,3,Hibernating
15631,643,1,596.67,1,2,2,Hibernating
18253,643,1,317.88,1,1,2,Hibernating
16537,642,1,10.55,1,2,1,Hibernating
17488,642,1,336.5,1,1,2,Hibernating
13454,642,1,219.87,1,1,1,Hibernating
13641,641,4,942.37,1,4,3,Can't lose them
15250,641,1,60.0,1,2,1,Hibernating
12495,641,1,277.4,1,1,1,Hibernating
17907,641,1,291.76,1,1,2,Hibernating
13413,640,6,429.44,1,4,2,Can't lose them
15558,640,1,202.68,1,1,1,Hibernating
12954,639,1,162.45,1,1,1,Hibernating
15941,638,1,405.0,1,1,2,Hibernating
17065,638,2,194.7,1,2,1,Hibernating
12692,638,1,110.95,1,1,1,Hibernating
13724,638,1,213.01,1,1,1,Hibernating
16911,636,2,255.25,1,2,1,Hibernating
13688,636,1,375.5,1,1,2,Hibernating
13543,635,2,1439.61,1,2,4,Hibernating
18051,635,7,2282.28,1,4,4,Can't lose them
13530,635,1,402.98,1,1,2,Hibernating
14604,634,1,136.36,1,1,1,Hibernating
17568,634,1,374.45,1,1,2,Hibernating
12366,634,1,500.24,1,2,2,Hibernating
13612,633,1,818.29,1,2,3,Hibernating
17479,633,1,389.26,1,1,2,Hibernating
13902,633,5,34023.26,1,4,5,Can't lose them
17933,633,1,105.99,1,1,1,Hibernating
18187,632,1,724.89,1,2,3,Hibernating
15496,632,1,146.14,1,1,1,Hibernating
18131,632,1,222.96,1,1,1,Hibernating
13128,632,1,263.5,1,1,1,Hibernating
16508,631,1,240.95,1,1,1,Hibernating
16452,631,2,332.17,1,3,2,At risk
17916,629,2,43.87,1,2,1,Hibernating
17587,629,1,173.76,1,1,1,Hibernating
16397,629,1,123.13,1,1,1,Hibernating
12368,629,1,917.7,1,2,3,Hibernating
12796,629,1,351.0,1,1,2,Hibernating
17285,629,2,400.44,1,2,2,Hibernating
17539,629,3,1161.84,1,3,3,At risk
14928,628,1,223.91,1,1,1,Hibernating
12533,628,2,1223.89,1,2,4,Hibernating
13445,627,1,241.9,1,1,1,Hibernating
16296,627,4,1313.67,1,3,4,At risk
14596,627,1,222.22,1,1,1,Hibernating
16578,627,1,156.6,1,1,1,Hibernating
16970,627,1,71.4,1,2,1,Hibernating
16615,627,1,291.5,1,1,2,Hibernating
17072,626,1,273.35,1,1,1,Hibernating
16741,626,1,173.06,1,1,1,Hibernating
16077,626,1,2300.4,1,2,4,Hibernating
16002,626,1,169.21,1,1,1,Hibernating
13896,626,1,388.55,1,1,2,Hibernating
12742,626,1,1201.52,1,2,3,Hibernating
13459,625,2,1160.41,1,2,3,Hibernating
12663,625,2,185.4,1,2,1,Hibernating
15698,625,1,46.2,1,2,1,Hibernating
16090,625,1,180.56,1,1,1,Hibernating
14330,624,1,200.63,1,1,1,Hibernating
15911,624,8,1683.79,1,5,4,Can't lose them
14074,624,1,219.4,1,1,1,Hibernating
18166,624,1,175.5,1,1,1,Hibernating
13053,622,1,127.65,1,1,1,Hibernating
13825,622,2,255.59,1,2,1,Hibernating
14378,622,1,131.25,1,1,1,Hibernating
14771,622,2,594.62,1,2,2,Hibernating
14809,622,2,686.76,1,2,3,Hibernating
15231,622,1,250.26,1,1,1,Hibernating
15848,622,1,137.99,1,1,1,Hibernating
12496,621,2,45.34,1,2,1,Hibernating
16502,621,2,258.55,1,2,1,Hibernating
13412,621,1,487.35,1,2,2,Hibernating
15575,620,1,30.1,1,2,1,Hibernating
17586,620,1,167.4,1,1,1,Hibernating
15742,620,1,156.87,1,1,1,Hibernating
12861,620,1,68.25,1,2,1,Hibernating
15029,620,1,365.1,1,1,2,Hibernating
13219,619,1,76.23,1,2,1,Hibernating
16704,619,2,664.16,1,2,3,Hibernating
14706,619,1,367.54,1,1,2,Hibernating
16845,619,1,253.88,1,1,1,Hibernating
13179,619,1,572.31,1,2,2,Hibernating
14200,618,1,379.2,1,1,2,Hibernating
17993,618,1,225.99,1,1,1,Hibernating
14694,618,1,244.31,1,1,1,Hibernating
15770,613,1,321.45,1,1,2,Hibernating
13071,613,1,129.22,1,1,1,Hibernating
17477,613,2,1144.3,1,2,3,Hibernating
14990,613,2,304.17,1,3,2,At risk
13640,612,1,405.0,1,1,2,Hibernating
12711,612,2,1213.05,1,2,4,Hibernating
15112,612,1,209.4,1,1,1,Hibernating
16941,612,1,33.0,1,2,1,Hibernating
14160,611,7,8421.47,1,4,5,Can't lose them
15309,611,4,797.96,1,4,3,Can't lose them
15613,611,1,433.72,1,2,2,Hibernating
13852,611,1,187.35,1,1,1,Hibernating
13163,611,1,17.65,1,2,1,Hibernating
17529,611,2,1240.25,1,3,4,At risk
18271,610,2,680.85,1,2,3,Hibernating
12786,610,1,668.5,1,2,3,Hibernating
13197,610,1,373.01,1,1,2,Hibernating
16944,610,1,101.36,1,1,1,Hibernating
13180,608,1,86.1,1,2,1,Hibernating
15546,607,2,1079.1,1,2,3,Hibernating
12671,607,1,2622.48,1,2,4,Hibernating
14791,607,1,303.63,1,1,2,Hibernating
15982,606,1,324.51,1,1,2,Hibernating
12459,606,1,398.36,1,1,2,Hibernating
14172,606,3,369.02,1,3,2,At risk
17039,605,1,1954.99,1,2,4,Hibernating
15771,605,3,1006.54,1,3,3,At risk
16840,604,2,139.85,1,2,1,Hibernating
17032,604,5,2896.69,1,4,5,Can't lose them
13661,604,1,325.24,1,1,2,Hibernating
13287,604,3,781.59,1,3,3,At risk
12969,603,1,122.45,1,1,1,Hibernating
17842,603,1,430.69,1,2,2,Hibernating
15979,603,1,329.22,1,1,2,Hibernating
17626,603,1,254.0,1,1,1,Hibernating
13286,601,1,734.91,1,2,3,Hibernating
14845,600,1,150.0,1,1,1,Hibernating
17474,600,1,1047.0,1,2,3,Hibernating
15273,600,1,228.96,1,1,1,Hibernating
16548,600,1,30.15,1,2,1,Hibernating
15682,600,2,318.24,1,3,2,At risk
18134,599,2,445.0,1,2,2,Hibernating
17825,599,4,701.96,1,3,3,At risk
14812,599,1,178.85,1,1,1,Hibernating
12780,599,1,322.4,1,1,2,Hibernating
12983,599,1,490.08,1,2,2,Hibernating
13042,599,3,1488.59,1,3,4,At risk
17681,598,5,731.2,1,4,3,Can't lose them
17622,598,2,1130.21,1,2,3,Hibernating
15455,598,1,38.25,1,2,1,Hibernating
13625,597,1,301.26,1,1,2,Hibernating
17240,597,1,130.6,1,1,1,Hibernating
13698,597,2,451.73,1,2,2,Hibernating
17057,597,1,288.79,1,1,2,Hibernating
13935,597,3,6116.92,1,3,5,At risk
17729,597,1,438.65,1,2,2,Hibernating
14556,597,3,815.69,1,3,3,At risk
14917,597,2,1123.75,1,2,3,Hibernating
16028,596,1,82.2,1,2,1,Hibernating
15474,596,1,150.35,1,1,1,Hibernating
15548,596,1,158.09,1,1,1,Hibernating
16068,594,1,115.73,1,1,1,Hibernating
16585,594,2,341.59,1,3,2,At risk
18091,594,1,360.85,1,1,2,Hibernating
13609,594,1,167.35,1,1,1,Hibernating
14677,593,1,184.91,1,1,1,Hibernating
17959,593,1,140.75,1,1,1,Hibernating
14743,593,1,50.48,1,2,1,Hibernating
14999,593,1,129.48,1,1,1,Hibernating
15586,593,3,1139.1,1,3,3,At risk
14773,593,1,140.55,1,1,1,Hibernating
17093,593,1,235.88,1,1,1,Hibernating
12392,592,1,234.75,1,1,1,Hibernating
16749,592,2,4157.88,1,2,5,Hibernating
16408,592,1,231.93,1,1,1,Hibernating
14471,592,2,400.95,1,2,2,Hibernating
16543,592,1,292.21,1,1,2,Hibernating
17185,592,3,229.46,1,3,1,At risk
16267,592,1,186.66,1,1,1,Hibernating
14724,591,1,341.9,1,1,2,Hibernating
17605,591,1,160.75,1,1,1,Hibernating
12698,591,1,285.75,1,1,2,Hibernating
13775,591,1,1049.66,1,2,3,Hibernating
15954,590,1,187.8,1,1,1,Hibernating
14650,590,1,62.5,1,2,1,Hibernating
18111,590,1,405.85,1,1,2,Hibernating
15818,589,1,340.5,1,1,2,Hibernating
14683,589,1,146.56,1,1,1,Hibernating
17565,587,1,131.83,1,1,1,Hibernating
16651,587,1,136.2,1,1,1,Hibernating
15229,587,1,160.5,1,1,1,Hibernating
13143,585,1,405.1,1,1,2,Hibernating
18163,585,1,728.84,1,2,3,Hibernating
13039,585,4,1010.73,1,3,3,At risk
12503,585,1,896.0,1,2,3,Hibernating
15391,585,1,289.87,1,1,2,Hibernating
18028,584,1,192.05,1,1,1,Hibernating
15868,584,1,94.53,1,1,1,Hibernating
13393,584,4,1131.45,1,3,3,At risk
13400,583,1,310.83,1,1,2,Hibernating
13175,583,2,831.45,1,2,3,Hibernating
17199,583,1,135.04,1,1,1,Hibernating
15591,583,3,217.9,1,3,1,At risk
17798,582,1,172.17,1,1,1,Hibernating
17028,582,3,1593.83,1,3,4,At risk
14814,582,1,152.96,1,1,1,Hibernating
18254,582,1,267.9,1,1,1,Hibernating
13830,582,1,156.85,1,1,1,Hibernating
14826,582,2,385.2,1,2,2,Hibernating
17225,582,1,131.15,1,1,1,Hibernating
13007,580,1,175.25,1,1,1,Hibernating
14678,580,1,403.39,1,1,2,Hibernating
14361,579,1,214.71,1,1,1,Hibernating
18275,579,2,741.85,1,2,3,Hibernating
17563,579,2,392.38,1,3,2,At risk
17077,579,1,306.0,1,1,2,Hibernating
14588,579,1,135.39,1,1,1,Hibernating
14941,579,1,182.1,1,1,1,Hibernating
13051,579,2,155.8,1,2,1,Hibernating
13407,579,3,2244.7,1,3,4,At risk
16487,578,2,209.4,1,2,1,Hibernating
13943,578,1,246.54,1,1,1,Hibernating
13222,578,1,88.5,1,2,1,Hibernating
17016,577,1,552.4,1,2,2,Hibernating
12482,577,27,21941.72,1,5,5,Can't lose them
14685,577,8,4536.64,1,4,5,Can't lose them
17484,577,2,209.57,1,2,1,Hibernating
13834,577,2,324.19,1,3,2,At risk
14391,577,1,135.6,1,1,1,Hibernating
12905,577,2,1018.42,1,3,3,At risk
15470,576,1,63.42,1,2,1,Hibernating
16088,576,2,1437.43,1,2,4,Hibernating
12894,576,1,157.35,1,1,1,Hibernating
18197,576,1,230.1,1,1,1,Hibernating
12549,576,5,1570.68,1,4,4,Can't lose them
17113,575,6,2305.59,1,4,4,Can't lose them
12806,573,2,2558.96,1,2,4,Hibernating
16922,573,1,611.08,1,2,3,Hibernating
14982,573,1,234.88,1,1,1,Hibernating
16507,573,1,142.71,1,1,1,Hibernating
13432,572,2,436.55,1,2,2,Hibernating
14017,572,1,229.75,1,1,1,Hibernating
18157,572,1,213.9,1,1,1,Hibernating
15282,571,1,348.59,1,1,2,Hibernating
14325,570,1,245.48,1,1,1,Hibernating
13164,570,2,372.2,1,2,2,Hibernating
17184,570,2,198.41,1,2,1,Hibernating
16664,570,1,109.2,1,1,1,Hibernating
16564,570,1,87.8,1,2,1,Hibernating
13616,569,2,283.85,1,2,1,Hibernating
15559,569,1,1109.4,1,2,3,Hibernating
14464,569,2,111.0,1,2,1,Hibernating
14010,566,2,445.15,1,2,2,Hibernating
18208,566,1,360.08,1,1,2,Hibernating
14394,565,1,93.8,1,1,1,Hibernating
12773,565,1,124.25,1,1,1,Hibernating
15086,565,2,218.53,1,2,1,Hibernating
18052,565,1,10877.18,1,2,5,Hibernating
18000,565,1,124.25,1,1,1,Hibernating
16831,565,1,91.8,1,1,1,Hibernating
16328,564,1,310.83,1,1,2,Hibernating
15217,564,1,426.24,1,1,2,Hibernating
14993,564,1,36.13,1,2,1,Hibernating
16067,563,3,3269.11,1,3,5,At risk
17074,563,1,203.05,1,1,1,Hibernating
14938,563,2,2322.43,1,3,4,At risk
16844,563,2,614.34,1,2,3,Hibernating
15323,563,3,434.6,1,3,2,At risk
13020,563,2,618.96,1,2,3,Hibernating
16046,563,1,235.78,1,1,1,Hibernating
16604,563,2,432.45,1,2,2,Hibernating
16695,562,2,191.9,1,2,1,Hibernating
15340,562,1,105.5,1,1,1,Hibernating
15878,562,2,330.77,1,3,2,At risk
15278,562,4,496.16,1,3,2,At risk
17583,561,1,135.95,1,1,1,Hibernating
16035,561,1,217.73,1,1,1,Hibernating
12499,561,1,357.72,1,1,2,Hibernating
17617,559,1,385.19,1,1,2,Hibernating
12943,559,2,496.5,1,3,2,At risk
18038,557,1,141.48,1,1,1,Hibernating
15711,557,2,420.25,1,2,2,Hibernating
15715,556,5,658.02,1,4,3,Can't lose them
17845,556,4,596.09,1,3,2,At risk
15305,556,1,93.6,1,1,1,Hibernating
16896,556,1,103.95,1,1,1,Hibernating
12677,556,2,359.1,1,3,2,At risk
14033,556,1,109.44,1,1,1,Hibernating
17216,555,1,63.6,1,2,1,Hibernating
16798,555,3,841.16,1,3,3,At risk
15731,554,1,125.3,1,1,1,Hibernating
12675,554,2,873.25,1,3,3,At risk
18206,554,1,314.66,1,1,2,Hibernating
18137,552,2,145.99,1,2,1,Hibernating
12911,552,1,1651.72,1,1,4,Hibernating
18234,552,1,179.6,1,1,1,Hibernating
13056,552,1,209.48,1,1,1,Hibernating
15956,552,2,617.6,1,2,3,Hibernating
17009,552,1,242.06,1,1,1,Hibernating
17915,552,1,225.78,1,1,1,Hibernating
16335,552,7,2753.52,1,4,4,Can't lose them
14786,551,1,90.96,1,1,1,Hibernating
18100,551,1,451.56,1,2,2,Hibernating
14028,551,3,10396.5,1,3,5,At risk
17784,551,1,112.86,1,1,1,Hibernating
17543,550,1,120.05,1,1,1,Hibernating
18103,550,1,105.8,1,1,1,Hibernating
14671,550,2,1127.45,1,2,3,Hibernating
12634,549,1,360.0,1,1,2,Hibernating
17808,549,4,262.64,1,4,1,Can't lose them
17971,549,1,161.94,1,1,1,Hibernating
15352,549,1,111.15,1,1,1,Hibernating
17417,549,1,164.18,1,1,1,Hibernating
13438,548,1,46.5,1,2,1,Hibernating
15183,548,3,639.93,1,3,3,At risk
15684,548,3,173.95,1,3,1,At risk
16862,548,4,662.33,1,3,3,At risk
13337,547,1,1575.26,1,1,4,Hibernating
13794,547,1,126.03,1,1,1,Hibernating
17902,547,1,216.4,1,1,1,Hibernating
16547,547,1,104.26,1,1,1,Hibernating
17246,547,2,38.92,1,2,1,Hibernating
13190,545,3,570.66,1,3,2,At risk
16132,545,2,664.2,1,2,3,Hibernating
13619,545,2,223.44,1,2,1,Hibernating
17922,544,1,170.4,1,1,1,Hibernating
18020,544,1,190.48,1,1,1,Hibernating
16622,544,1,225.4,1,1,1,Hibernating
15905,544,1,114.69,1,1,1,Hibernating
13383,544,1,305.28,1,1,2,Hibernating
17020,543,2,935.62,1,3,3,At risk
15926,543,1,134.44,1,1,1,Hibernating
15816,543,2,144.15,1,2,1,Hibernating
15040,542,1,7.49,1,1,1,Hibernating
14374,542,1,108.0,1,1,1,Hibernating
17401,542,1,114.85,1,1,1,Hibernating
13586,542,1,127.28,1,1,1,Hibernating
13112,542,1,20.6,1,2,1,Hibernating
16538,542,3,395.07,1,3,2,At risk
15718,541,1,293.79,1,1,2,Hibernating
12746,541,1,254.55,1,1,1,Hibernating
16925,541,1,125.65,1,1,1,Hibernating
16661,541,4,932.76,1,4,3,Can't lose them
17953,541,1,148.67,1,1,1,Hibernating
17610,541,5,1511.94,1,4,4,Can't lose them
13608,541,1,232.05,1,1,1,Hibernating
16492,541,1,385.56,1,1,2,Hibernating
14919,540,1,359.35,1,1,2,Hibernating
13676,540,2,243.9,1,2,1,Hibernating
12932,540,8,1698.56,1,5,4,Can't lose them
18128,538,1,399.29,1,1,2,Hibernating
16486,538,1,134.36,1,1,1,Hibernating
15538,538,6,3358.4,1,4,5,Can't lose them
15126,537,2,449.49,1,2,2,Hibernating
17192,537,1,75.28,1,2,1,Hibernating
16390,537,3,467.5,1,3,2,At risk
14874,536,1,116.18,1,1,1,Hibernating
12774,536,1,83.7,1,2,1,Hibernating
13942,535,1,320.0,1,1,2,Hibernating
17304,535,1,111.5,1,1,1,Hibernating
14509,535,1,110.95,1,1,1,Hibernating
12810,535,2,534.99,1,2,2,Hibernating
15991,535,1,150.55,1,1,1,Hibernating
15913,535,1,6.3,1,1,1,Hibernating
17099,534,1,582.17,1,2,2,Hibernating
16683,534,1,320.25,1,1,2,Hibernating
12741,534,1,236.07,1,1,1,Hibernating
16453,531,2,251.71,1,2,1,Hibernating
13057,531,3,709.59,1,3,3,At risk
15102,531,2,554.67,1,2,2,Hibernating
13585,531,3,684.54,1,3,3,At risk
18214,531,4,1780.34,1,3,4,At risk
17437,530,1,369.68,1,1,2,Hibernating
16733,530,1,259.68,1,1,1,Hibernating
17448,530,41,14448.67,1,5,5,Can't lose them
12799,530,1,219.35,1,1,1,Hibernating
12485,530,1,708.1,1,2,3,Hibernating
13620,529,1,112.34,1,1,1,Hibernating
12529,529,1,316.48,1,1,2,Hibernating
17332,529,5,827.77,1,4,3,Can't lose them
14835,529,2,297.0,1,2,2,Hibernating
14774,529,1,241.45,1,1,1,Hibernating
17748,528,1,358.15,1,1,2,Hibernating
15486,528,1,102.0,1,1,1,Hibernating
13872,528,3,919.57,1,3,3,At risk
15851,527,1,109.73,1,1,1,Hibernating
14366,526,1,136.0,1,1,1,Hibernating
13125,524,1,148.62,1,1,1,Hibernating
12469,523,2,3070.54,1,3,5,At risk
14900,523,1,13.92,1,2,1,Hibernating
16974,523,2,365.5,1,3,2,At risk
16158,523,9,628.32,1,5,3,Can't lose them
12730,522,1,703.25,1,2,3,Hibernating
15650,522,2,553.88,1,2,2,Hibernating
12825,522,2,518.63,1,2,2,Hibernating
14876,522,2,256.7,1,2,1,Hibernating
12632,521,2,714.88,1,2,3,Hibernating
15056,521,1,113.65,1,1,1,Hibernating
16649,521,1,306.58,1,1,2,Hibernating
16443,521,1,162.24,1,1,1,Hibernating
15137,521,2,823.4,1,2,3,Hibernating
14279,521,2,191.86,1,2,1,Hibernating
17129,521,1,31.85,1,2,1,Hibernating
18279,520,1,231.34,1,1,1,Hibernating
13997,520,3,376.46,1,3,2,At risk
14695,520,3,1534.22,1,3,4,At risk
16544,520,4,376.7,1,3,2,At risk
14580,519,1,14.85,1,2,1,Hibernating
13595,517,3,784.48,1,3,3,At risk
14516,517,1,151.17,1,1,1,Hibernating
13779,516,1,161.13,1,1,1,Hibernating
17847,516,2,125.74,1,2,1,Hibernating
18238,516,1,270.92,1,1,1,Hibernating
17773,515,2,575.37,1,2,2,Hibernating
14069,515,2,225.81,1,2,1,Hibernating
16435,513,3,1003.07,1,3,3,At risk
15259,513,4,1182.38,1,4,3,Can't lose them
16251,513,1,128.31,1,1,1,Hibernating
14007,513,1,79.48,1,2,1,Hibernating
15542,513,3,855.71,1,3,3,At risk
17559,513,1,167.62,1,1,1,Hibernating
17145,513,4,3120.91,1,4,5,Can't lose them
14084,513,1,150.5,1,1,1,Hibernating
13559,513,2,990.0,1,2,3,Hibernating
14486,512,2,175.5,1,2,1,Hibernating
14430,512,3,1220.9,1,3,4,At risk
13074,512,4,1378.74,1,3,4,At risk
14563,510,2,625.42,1,2,3,Hibernating
14674,510,1,173.66,1,1,1,Hibernating
15633,510,13,4335.96,1,5,5,Can't lose them
17261,510,1,221.59,1,1,1,Hibernating
18021,510,2,216.41,1,2,1,Hibernating
17541,510,1,119.86,1,1,1,Hibernating
17395,509,1,97.5,1,1,1,Hibernating
16467,509,7,2869.16,1,4,4,Can't lose them
15788,509,1,221.83,1,1,1,Hibernating
13734,509,4,6695.69,1,3,5,At risk
14797,508,1,300.31,1,1,2,Hibernating
14061,508,3,917.43,1,3,3,At risk
13913,507,1,42.22,1,2,1,Hibernating
17177,506,1,119.5,1,1,1,Hibernating
14166,506,2,251.15,1,2,1,Hibernating
13788,506,1,3.75,1,1,1,Hibernating
13371,506,2,2297.66,1,2,4,Hibernating
16165,506,1,79.9,1,2,1,Hibernating
16736,506,5,2956.56,1,4,5,Can't lose them
14858,506,1,180.75,1,1,1,Hibernating
18132,505,1,220.13,1,1,1,Hibernating
12595,505,1,281.02,1,1,1,Hibernating
16075,503,2,736.93,1,2,3,Hibernating
15431,503,1,153.24,1,1,1,Hibernating
16894,503,3,1306.96,1,3,4,At risk
17112,503,1,197.57,1,1,1,Hibernating
13201,503,4,1233.06,1,4,4,Can't lose them
15946,503,3,2304.18,1,3,4,At risk
15015,502,13,2344.47,1,5,4,Can't lose them
14115,502,2,622.67,1,2,3,Hibernating
17224,502,1,100.86,1,1,1,Hibernating
17494,502,1,54.7,1,2,1,Hibernating
13433,502,4,658.32,1,3,3,At risk
12813,502,3,1621.8,1,3,4,At risk
14435,502,1,90.42,1,1,1,Hibernating
17918,501,3,388.44,1,3,2,At risk
16219,501,1,40.8,1,2,1,Hibernating
12801,501,1,871.82,1,2,3,Hibernating
13855,501,4,1310.34,1,3,4,At risk
15284,501,1,24.75,1,2,1,Hibernating
18026,501,2,2074.07,1,2,4,Hibernating
14384,501,1,58.5,1,2,1,Hibernating
15873,500,4,313.92,1,4,2,Can't lose them
16937,500,1,196.25,1,1,1,Hibernating
13796,500,1,289.7,1,1,2,Hibernating
18207,500,1,544.47,1,2,2,Hibernating
15331,500,3,767.91,1,3,3,At risk
14833,499,1,94.8,1,1,1,Hibernating
12525,499,3,883.73,1,3,3,At risk
17168,499,1,400.2,1,1,2,Hibernating
18264,499,1,603.25,1,2,2,Hibernating
13766,496,1,190.35,1,1,1,Hibernating
15200,495,1,549.05,1,2,2,Hibernating
15077,495,2,2428.08,1,2,4,Hibernating
17665,494,1,563.1,1,2,2,Hibernating
13679,494,3,281.26,1,3,1,At risk
14253,494,2,363.4,1,3,2,At risk
15387,493,1,468.65,1,2,2,Hibernating
12998,493,3,920.08,1,3,3,At risk
16742,493,13,2334.97,1,5,4,Can't lose them
16417,493,1,35.7,1,2,1,Hibernating
15798,493,3,1535.37,1,3,4,At risk
15369,493,11,6251.26,1,5,5,Can't lose them
16334,493,1,263.73,1,1,1,Hibernating
14043,492,2,302.6,1,3,2,At risk
14521,492,1,199.45,1,1,1,Hibernating
13084,492,1,122.4,1,1,1,Hibernating
17156,492,1,591.87,1,2,2,Hibernating
15403,492,2,170.88,1,2,1,Hibernating
15908,491,2,758.62,1,2,3,Hibernating
16196,489,1,93.3,1,1,1,Hibernating
16939,489,3,433.85,1,3,2,At risk
14575,489,1,420.22,1,1,2,Hibernating
13653,488,1,152.2,1,1,1,Hibernating
15595,488,1,357.6,1,1,2,Hibernating
17482,488,2,775.64,1,2,3,Hibernating
15013,488,10,1610.82,1,5,4,Can't lose them
13783,488,4,1542.09,1,3,4,At risk
13839,487,1,139.95,1,1,1,Hibernating
12745,487,2,723.85,1,2,3,Hibernating
14144,487,1,30.6,1,2,1,Hibernating
14736,486,2,374.05,1,2,2,Hibernating
12771,486,1,226.3,1,1,1,Hibernating
14822,486,1,157.7,1,1,1,Hibernating
16632,486,2,406.4,1,2,2,Hibernating
14630,485,1,338.65,1,1,2,Hibernating
13150,485,3,449.97,1,3,2,At risk
12959,485,1,150.95,1,1,1,Hibernating
12542,485,2,481.88,1,2,2,Hibernating
14872,484,3,816.6,1,3,3,At risk
14153,484,1,233.4,1,1,1,Hibernating
16631,482,7,1892.52,1,4,4,Can't lose them
14996,482,2,442.29,1,2,2,Hibernating
15893,482,1,305.28,1,1,2,Hibernating
14097,482,2,422.86,1,2,2,Hibernating
15008,481,2,360.0,1,3,2,At risk
13063,481,1,188.4,1,1,1,Hibernating
14011,481,2,457.82,1,2,2,Hibernating
12687,481,1,1858.91,1,2,4,Hibernating
15072,480,1,187.52,1,1,1,Hibernating
14749,480,1,310.15,1,1,2,Hibernating
14531,480,1,376.34,1,1,2,Hibernating
15268,479,3,961.9,1,3,3,At risk
15310,479,1,1634.64,1,1,4,Hibernating
17627,479,1,296.36,1,1,2,Hibernating
17745,478,2,600.34,1,2,2,Hibernating
17599,478,1,52.05,1,2,1,Hibernating
16286,478,2,328.95,1,3,2,At risk
16299,478,1,193.65,1,1,1,Hibernating
16562,477,1,223.86,1,1,1,Hibernating
16294,477,1,126.05,1,1,1,Hibernating
16234,477,3,333.18,1,3,2,At risk
16396,477,1,137.8,1,1,1,Hibernating
16890,477,3,277.91,1,3,1,At risk
15702,477,1,112.57,1,1,1,Hibernating
17699,477,2,442.0,1,2,2,Hibernating
18286,477,2,1246.43,1,3,4,At risk
13965,477,3,996.61,1,3,3,At risk
15055,475,3,549.12,1,3,2,At risk
17471,475,1,321.65,1,1,2,Hibernating
14767,475,1,382.81,1,1,2,Hibernating
16004,475,5,2146.39,1,4,4,Can't lose them
14187,474,1,123.5,1,1,1,Hibernating
15003,474,6,1027.03,1,4,3,Can't lose them
18140,474,1,536.41,1,2,2,Hibernating
12765,473,6,1299.58,1,4,4,Can't lose them
13415,473,4,784.17,1,4,3,Can't lose them
13361,473,2,1450.5,1,2,4,Hibernating
17292,473,2,271.75,1,2,1,Hibernating
18124,473,1,102.65,1,1,1,Hibernating
13123,473,2,506.75,1,3,2,At risk
15666,473,2,632.94,1,2,3,Hibernating
17336,473,1,81.12,1,2,1,Hibernating
14260,472,3,824.28,1,3,3,At risk
14787,472,1,110.65,1,1,1,Hibernating
17963,472,4,643.16,1,3,3,At risk
16375,471,2,104.0,1,2,1,Hibernating
14026,471,2,713.11,1,2,3,Hibernating
12800,471,2,500.25,1,3,2,At risk
14268,471,1,354.85,1,1,2,Hibernating
16288,471,1,129.85,1,1,1,Hibernating
17005,471,2,622.36,1,2,3,Hibernating
13024,471,2,555.87,1,2,2,Hibernating
17270,470,2,601.45,1,2,2,Hibernating
13478,470,5,2215.78,1,4,4,Can't lose them
16197,470,9,2016.71,1,5,4,Can't lose them
14949,470,4,515.0,1,3,2,At risk
16870,470,1,450.16,1,2,2,Hibernating
15784,468,2,848.33,1,2,3,Hibernating
13540,468,3,632.39,1,3,3,At risk
15166,468,1,167.16,1,1,1,Hibernating
15430,468,2,954.75,1,3,3,At risk
17792,468,2,368.35,1,3,2,At risk
13714,466,1,161.35,1,1,1,Hibernating
14433,466,1,280.7,1,1,1,Hibernating
12804,466,2,325.37,1,3,2,At risk
16819,466,2,182.59,1,2,1,Hibernating
18258,465,6,2059.67,1,4,4,Can't lose them
12761,465,1,712.95,1,2,3,Hibernating
17753,465,4,382.06,1,3,2,At risk
14025,465,8,4057.9,1,4,5,Can't lose them
13399,465,3,275.4,1,3,1,At risk
17215,465,1,186.15,1,1,1,Hibernating
16290,465,4,1957.7,1,3,4,At risk
12788,464,4,384.9,1,3,2,At risk
15564,464,2,70.74,1,2,1,Hibernating
18182,464,1,291.13,1,1,2,Hibernating
13472,464,2,592.24,1,2,2,Hibernating
12898,464,2,296.21,1,2,2,Hibernating
13916,464,4,1275.81,1,3,4,At risk
14283,464,4,628.44,1,3,3,At risk
16993,464,2,1950.95,1,3,4,At risk
15779,464,2,124.08,1,2,1,Hibernating
15191,464,3,588.05,1,3,2,At risk
15094,464,2,83.0,1,2,1,Hibernating
12440,463,2,739.2,1,2,3,Hibernating
13346,463,6,299.4,1,4,2,Can't lose them
16289,463,1,136.31,1,1,1,Hibernating
14086,463,1,39.95,1,2,1,Hibernating
15378,463,2,246.5,1,2,1,Hibernating
14058,463,2,469.19,1,2,2,Hibernating
16100,463,1,582.64,1,2,2,Hibernating
15461,461,2,429.7,1,2,2,Hibernating
14318,461,1,158.02,1,1,1,Hibernating
15751,461,11,1380.44,1,5,4,Can't lose them
13250,461,2,253.09,1,2,1,Hibernating
16246,460,2,821.35,1,2,3,Hibernating
12859,459,1,575.1,1,2,2,Hibernating
12819,459,1,540.52,1,2,2,Hibernating
15741,459,2,208.62,1,2,1,Hibernating
13683,458,1,258.6,1,1,1,Hibernating
12777,458,1,519.45,1,2,2,Hibernating
15141,458,7,1388.47,1,4,4,Can't lose them
15627,458,2,566.9,1,2,2,Hibernating
12575,458,2,568.82,1,2,2,Hibernating
13076,458,1,135.4,1,1,1,Hibernating
12460,457,1,296.65,1,1,2,Hibernating
14444,457,1,120.44,1,1,1,Hibernating
17762,457,1,129.75,1,1,1,Hibernating
16095,457,1,447.05,1,2,2,Hibernating
16886,457,1,134.0,1,1,1,Hibernating
16032,457,6,1965.72,1,4,4,Can't lose them
15972,457,5,1769.33,1,4,4,Can't lose them
17369,456,1,979.2,1,2,3,Hibernating
12760,456,1,317.8,1,1,2,Hibernating
14445,456,1,221.65,1,1,1,Hibernating
14635,454,1,215.22,1,1,1,Hibernating
15824,454,2,890.94,1,3,3,At risk
16608,454,2,1286.62,1,2,4,Hibernating
16815,454,2,406.02,1,2,2,Hibernating
13129,453,2,233.25,1,2,1,Hibernating
17132,453,2,1220.91,1,2,4,Hibernating
15401,453,2,216.95,1,2,1,Hibernating
13613,453,5,1039.85,1,4,3,Can't lose them
16860,453,3,1610.62,1,3,4,At risk
13312,452,1,124.75,1,1,1,Hibernating
17149,452,1,143.1,1,1,1,Hibernating
17801,452,3,770.03,1,3,3,At risk
13041,451,4,799.13,1,4,3,Can't lose them
15629,451,4,2240.9,1,3,4,At risk
15685,451,1,55.98,1,2,1,Hibernating
12768,451,1,168.69,1,1,1,Hibernating
15966,451,1,426.53,1,1,2,Hibernating
14370,451,6,1175.78,1,4,3,Can't lose them
16646,450,1,678.8,1,2,3,Hibernating
15962,450,1,289.48,1,1,2,Hibernating
13424,450,1,572.77,1,2,2,Hibernating
12543,449,1,840.25,1,2,3,Hibernating
15362,449,2,613.08,1,2,3,Hibernating
12554,449,1,384.5,1,1,2,Hibernating
17743,449,1,229.2,1,1,1,Hibernating
13443,449,6,1269.37,1,4,4,Can't lose them
16371,449,1,157.2,1,1,1,Hibernating
16524,447,2,306.19,1,3,2,At risk
13998,447,3,566.7,1,3,2,At risk
13701,447,1,161.0,1,1,1,Hibernating
18089,447,1,428.45,1,2,2,Hibernating
13465,447,2,931.12,1,3,3,At risk
13702,446,1,135.18,1,1,1,Hibernating
14668,446,1,111.63,1,1,1,Hibernating
17055,446,1,232.85,1,1,1,Hibernating
12850,446,1,330.0,1,1,2,Hibernating
17161,445,1,856.01,1,2,3,Hibernating
12751,445,1,268.27,1,1,1,Hibernating
14372,444,2,860.08,1,2,3,Hibernating
13288,444,5,927.61,1,4,3,Can't lose them
14933,444,4,1770.0,1,3,4,At risk
14611,444,2,604.33,1,2,3,Hibernating
17840,444,1,175.9,1,1,1,Hibernating
14182,444,4,678.77,1,3,3,At risk
13205,444,1,2803.2,1,2,4,Hibernating
15761,443,1,143.05,1,1,1,Hibernating
13264,443,1,722.56,1,2,3,Hibernating
17021,443,6,1182.22,1,4,3,Can't lose them
16857,443,1,352.8,1,1,2,Hibernating
14992,443,1,210.5,1,1,1,Hibernating
18107,443,1,165.88,1,1,1,Hibernating
16675,442,2,608.86,1,2,3,Hibernating
13281,440,1,350.85,1,1,2,Hibernating
14269,440,1,295.73,1,1,2,Hibernating
14094,440,1,311.77,1,1,2,Hibernating
15616,439,1,317.11,1,1,2,Hibernating
16636,439,4,3802.04,1,4,5,Can't lose them
13687,439,1,11880.84,1,2,5,Hibernating
16264,439,2,823.53,1,2,3,Hibernating
17280,439,1,118.86,1,1,1,Hibernating
14909,438,3,1404.68,1,3,4,At risk
16237,438,1,136.65,1,1,1,Hibernating
15871,438,1,33.1,1,2,1,Hibernating
16269,438,1,717.57,1,2,3,Hibernating
14228,438,3,745.5,1,3,3,At risk
18049,438,2,500.5,1,3,2,At risk
15614,438,4,3147.36,1,4,5,Can't lose them
14634,438,4,2124.46,1,4,4,Can't lose them
12964,438,1,132.24,1,1,1,Hibernating
12946,437,1,324.45,1,1,2,Hibernating
13105,437,1,72.0,1,2,1,Hibernating
12975,437,6,2100.09,1,4,4,Can't lose them
14843,437,1,211.8,1,1,1,Hibernating
13257,437,1,149.75,1,1,1,Hibernating
13797,437,3,1179.45,1,3,3,At risk
16783,437,1,391.95,1,1,2,Hibernating
17257,437,2,189.78,1,2,1,Hibernating
16490,437,1,205.41,1,1,1,Hibernating
12661,437,1,162.0,1,1,1,Hibernating
14742,436,1,579.85,1,2,2,Hibernating
14568,436,1,919.7,1,2,3,Hibernating
16522,436,2,433.36,1,2,2,Hibernating
13966,436,1,384.26,1,1,2,Hibernating
13729,436,3,724.73,1,3,3,At risk
14230,436,3,979.8,1,3,3,At risk
16958,436,1,778.49,1,2,3,Hibernating
14707,436,2,139.2,1,2,1,Hibernating
15736,436,2,1767.12,1,2,4,Hibernating
16044,436,1,340.84,1,1,2,Hibernating
14225,435,4,2031.07,1,4,4,Can't lose them
14425,435,3,661.39,1,3,3,At risk
15420,435,6,743.0,1,4,3,Can't lose them
18266,435,1,251.1,1,1,1,Hibernating
17380,435,3,645.0,1,3,3,At risk
16472,435,2,789.6,1,2,3,Hibernating
15451,435,2,226.86,1,2,1,Hibernating
14564,435,2,2605.62,1,2,4,Hibernating
15190,435,1,834.44,1,2,3,Hibernating
17533,435,1,34.8,1,2,1,Hibernating
16864,435,2,409.25,1,2,2,Hibernating
12696,435,2,731.91,1,2,3,Hibernating
14254,433,1,601.03,1,2,2,Hibernating
16331,433,6,2037.7,1,4,4,Can't lose them
17366,433,2,1077.24,1,2,3,Hibernating
15196,433,2,313.7,1,3,2,At risk
15859,433,1,438.46,1,2,2,Hibernating
14579,433,1,105.56,1,1,1,Hibernating
13674,433,1,240.68,1,1,1,Hibernating
15884,433,2,244.6,1,2,1,Hibernating
14392,433,1,266.4,1,1,1,Hibernating
13326,433,1,281.76,1,1,1,Hibernating
16312,433,1,171.15,1,1,1,Hibernating
14310,433,1,492.1,1,2,2,Hibernating
13380,433,1,62.4,1,2,1,Hibernating
16799,433,2,452.78,1,2,2,Hibernating
14455,433,4,617.72,1,3,3,At risk
14008,433,1,509.04,1,2,2,Hibernating
13920,432,4,1774.68,1,3,4,At risk
18284,432,1,411.68,1,1,2,Hibernating
13360,432,4,1503.65,1,3,4,At risk
13367,432,1,460.2,1,2,2,Hibernating
16476,432,1,350.35,1,1,2,Hibernating
15778,432,1,307.95,1,1,2,Hibernating
12486,432,1,917.28,1,2,3,Hibernating
16061,432,1,89.65,1,1,1,Hibernating
14302,431,3,742.9,1,3,3,At risk
13306,431,1,53.65,1,2,1,Hibernating
18244,431,2,568.64,1,2,2,Hibernating
14991,431,1,314.67,1,1,2,Hibernating
13446,431,11,3881.89,1,5,5,Can't lose them
17657,431,1,126.0,1,1,1,Hibernating
14663,431,2,490.6,1,3,2,At risk
14169,431,2,613.11,1,2,3,Hibernating
15490,431,1,210.85,1,1,1,Hibernating
16300,431,3,1367.32,1,3,4,At risk
14492,431,7,1921.91,1,4,4,Can't lose them
16760,431,1,228.0,1,1,1,Hibernating
17008,430,1,81.36,1,2,1,Hibernating
13861,430,2,273.26,1,2,1,Hibernating
16307,430,3,1194.92,1,3,3,At risk
13818,430,1,61.28,1,2,1,Hibernating
13022,430,1,50.3,1,2,1,Hibernating
14322,430,4,474.1,1,3,2,At risk
13556,430,2,200.82,1,2,1,Hibernating
14266,429,1,40.56,1,2,1,Hibernating
12903,429,1,833.53,1,2,3,Hibernating
12511,429,1,3084.02,1,2,5,Hibernating
15931,429,1,239.9,1,1,1,Hibernating
14118,429,1,458.45,1,2,2,Hibernating
13423,429,1,217.03,1,1,1,Hibernating
15600,429,4,1199.31,1,4,3,Can't lose them
12986,429,10,2729.84,1,5,4,Can't lose them
13567,429,4,1079.29,1,3,3,At risk
16111,429,1,549.33,1,2,2,Hibernating
13785,429,4,542.49,1,3,2,At risk
16166,429,2,435.83,1,2,2,Hibernating
17249,429,1,68.03,1,2,1,Hibernating
17127,429,5,1155.03,1,4,3,Can't lose them
16568,428,2,1020.9,1,2,3,Hibernating
14186,428,5,1550.63,1,4,4,Can't lose them
16329,428,4,1664.92,1,3,4,At risk
12835,428,41,5996.83,1,5,5,Can't lose them
15080,428,2,546.25,1,2,2,Hibernating
13541,428,2,785.25,1,2,3,Hibernating
13406,428,2,568.92,1,2,2,Hibernating
17196,428,1,327.75,1,1,2,Hibernating
14846,428,1,437.4,1,2,2,Hibernating
13537,426,2,717.85,1,2,3,Hibernating
14571,426,1,160.0,1,1,1,Hibernating
15418,426,2,449.42,1,2,2,Hibernating
12862,426,2,984.62,1,3,3,At risk
14734,426,4,1056.42,1,3,3,At risk
15177,426,1,948.93,1,2,3,Hibernating
17518,426,2,329.42,1,3,2,At risk
17465,426,7,2542.79,1,4,4,Can't lose them
16579,426,1,295.05,1,1,2,Hibernating
14319,425,1,494.85,1,2,2,Hibernating
17635,425,3,1265.58,1,3,4,At risk
17264,425,1,268.28,1,1,1,Hibernating
17273,425,1,141.12,1,1,1,Hibernating
14590,425,20,2993.37,1,5,5,Can't lose them
15151,424,2,2085.61,1,2,4,Hibernating
13912,424,1,124.95,1,1,1,Hibernating
14263,424,1,322.93,1,1,2,Hibernating
16263,424,1,348.16,1,1,2,Hibernating
14838,424,2,769.92,1,2,3,Hibernating
17944,424,1,74.99,1,2,1,Hibernating
16772,424,3,3698.05,1,3,5,At risk
17104,424,1,474.03,1,2,2,Hibernating
12655,424,1,243.35,1,1,1,Hibernating
16975,424,3,926.12,1,3,3,At risk
13909,424,2,282.85,1,2,1,Hibernating
12467,424,1,132.8,1,1,1,Hibernating
13440,424,7,1295.25,1,4,4,Can't lose them
16039,424,2,456.4,1,2,2,Hibernating
17710,424,1,293.5,1,1,2,Hibernating
13968,424,1,123.66,1,1,1,Hibernating
12900,423,1,340.33,1,1,2,Hibernating
16130,423,4,987.48,1,4,3,Can't lose them
14316,423,5,1370.34,1,4,4,Can't lose them
17851,423,6,1552.35,1,4,4,Can't lose them
16238,423,1,63.66,1,2,1,Hibernating
17182,423,2,321.3,1,3,2,At risk
15242,423,1,302.04,1,1,2,Hibernating
13770,423,4,785.37,1,4,3,Can't lose them
15735,422,1,327.68,1,1,2,Hibernating
18090,422,1,321.9,1,1,2,Hibernating
13829,422,1,102.0,1,1,1,Hibernating
16176,422,4,2052.69,1,4,4,Can't lose them
14296,422,2,456.4,1,2,2,Hibernating
16991,422,1,1041.21,1,2,3,Hibernating
14343,422,4,1079.66,1,3,3,At risk
17751,422,1,157.86,1,1,1,Hibernating
17717,422,1,376.92,1,1,2,Hibernating
14956,422,1,1325.0,1,2,4,Hibernating
17823,422,2,449.25,1,2,2,Hibernating
13696,422,3,2020.4,1,3,4,At risk
17390,421,1,149.3,1,1,1,Hibernating
17822,421,5,2154.08,1,4,4,Can't lose them
17316,421,1,124.45,1,1,1,Hibernating
17938,421,1,144.29,1,1,1,Hibernating
17202,421,1,160.65,1,1,1,Hibernating
15686,421,1,90.0,1,1,1,Hibernating
16336,421,4,3517.69,1,4,5,Can't lose them
16576,421,2,540.87,1,2,2,Hibernating
16465,421,2,746.24,1,2,3,Hibernating
17687,421,1,432.68,1,2,2,Hibernating
14168,421,2,370.45,1,2,2,Hibernating
15817,421,3,2766.4,1,3,4,At risk
14877,419,2,425.85,1,2,2,Hibernating
17141,419,4,727.58,1,4,3,Can't lose them
14839,419,3,915.28,1,3,3,At risk
16691,419,2,178.83,1,2,1,Hibernating
15688,419,1,190.57,1,1,1,Hibernating
15772,419,1,280.88,1,1,1,Hibernating
13820,419,3,652.75,1,3,3,At risk
13152,418,7,2146.38,1,4,4,Can't lose them
13957,418,3,458.25,1,3,2,At risk
14940,418,2,531.49,1,2,2,Hibernating
15459,418,2,202.83,1,2,1,Hibernating
16854,418,2,1408.96,1,2,4,Hibernating
15710,418,1,898.87,1,2,3,Hibernating
17143,418,2,880.97,1,3,3,At risk
17023,418,3,800.18,1,3,3,At risk
13088,418,1,236.11,1,1,1,Hibernating
13387,418,1,181.84,1,1,1,Hibernating
13214,418,7,3264.23,1,4,5,Can't lose them
15934,418,2,2190.66,1,2,4,Hibernating
16069,418,1,457.7,1,2,2,Hibernating
12699,418,1,566.11,1,2,2,Hibernating
13840,417,1,651.4,1,2,3,Hibernating
15207,417,3,683.92,1,3,3,At risk
14469,417,4,2093.46,1,4,4,Can't lose them
14648,417,15,4463.39,1,5,5,Can't lose them
13480,417,2,627.82,1,2,3,Hibernating
17137,417,6,1099.81,1,4,3,Can't lose them
15647,416,1,169.0,1,1,1,Hibernating
14612,416,1,877.7,1,2,3,Hibernating
13981,416,1,331.14,1,1,2,Hibernating
16521,416,3,1136.36,1,3,3,At risk
16702,416,4,1109.53,1,3,3,At risk
12387,416,1,143.94,1,1,1,Hibernating
14686,415,5,852.53,1,4,3,Can't lose them
13195,415,1,136.73,1,1,1,Hibernating
13374,415,2,372.8,1,2,2,Hibernating
13386,415,2,835.46,1,2,3,Hibernating
16310,415,2,460.08,1,2,2,Hibernating
18243,415,1,515.78,1,2,2,Hibernating
16167,415,5,1386.12,1,4,4,Can't lose them
16540,415,1,205.75,1,1,1,Hibernating
17834,415,2,689.67,1,2,3,Hibernating
12400,415,1,205.25,1,1,1,Hibernating
15995,415,1,694.54,1,2,3,Hibernating
18247,415,3,839.73,1,3,3,At risk
14945,414,1,179.4,1,1,1,Hibernating
12973,414,1,385.55,1,1,2,Hibernating
14728,414,1,190.58,1,1,1,Hibernating
16428,414,3,638.49,1,3,3,At risk
13746,414,1,176.69,1,1,1,Hibernating
12972,414,4,1161.2,1,3,3,At risk
12369,414,3,1511.15,1,3,4,At risk
12899,414,1,366.4,1,1,2,Hibernating
12960,414,4,1322.07,1,3,4,At risk
17407,412,1,552.9,1,2,2,Hibernating
13241,412,1,112.53,1,1,1,Hibernating
12926,412,4,1523.59,1,3,4,At risk
16920,412,1,355.45,1,1,2,Hibernating
13574,412,1,404.45,1,1,2,Hibernating
13073,412,2,418.08,1,2,2,Hibernating
14183,412,2,278.34,1,2,1,Hibernating
13977,412,1,519.81,1,2,2,Hibernating
17435,412,1,331.35,1,1,2,Hibernating
15248,412,3,1893.93,1,3,4,At risk
17260,412,1,120.95,1,1,1,Hibernating
16677,412,2,880.62,1,3,3,At risk
13333,412,3,1015.74,1,3,3,At risk
15337,412,1,373.02,1,1,2,Hibernating
14197,411,1,390.05,1,1,2,Hibernating
16259,411,3,340.94,1,3,2,At risk
14249,411,12,5400.46,1,5,5,Can't lose them
17393,411,2,381.15,1,2,2,Hibernating
17981,411,1,239.12,1,1,1,Hibernating
14181,411,2,308.35,1,3,2,At risk
15294,411,1,233.35,1,1,1,Hibernating
14718,411,1,226.42,1,1,1,Hibernating
15064,411,4,1154.41,1,3,3,At risk
13733,411,2,487.03,1,3,2,At risk
14278,410,1,205.83,1,1,1,Hibernating
17327,410,2,152.35,1,2,1,Hibernating
16962,410,1,251.04,1,1,1,Hibernating
12411,410,1,346.9,1,1,2,Hibernating
13578,410,1,147.66,1,1,1,Hibernating
16785,410,1,533.78,1,2,2,Hibernating
13274,410,1,360.85,1,1,2,Hibernating
13906,410,1,42.0,1,2,1,Hibernating
14324,410,2,701.61,1,2,3,Hibernating
15536,410,1,259.09,1,1,1,Hibernating
15876,410,2,1449.14,1,2,4,Hibernating
17326,409,2,312.35,1,3,2,At risk
13547,409,1,164.53,1,1,1,Hibernating
12505,409,1,787.2,1,2,3,Hibernating
12563,409,1,221.24,2,1,1,Hibernating
13713,409,3,740.76,2,3,3,At risk
18060,409,2,1185.46,2,2,3,Hibernating
17473,409,2,607.0,2,2,3,Hibernating
12537,409,1,612.94,2,2,3,Hibernating
17478,409,2,1272.8,2,2,4,Hibernating
16382,409,2,353.1,2,3,2,At risk
14281,409,1,245.15,2,1,1,Hibernating
13031,408,5,3292.84,2,4,5,Can't lose them
14303,408,2,277.94,2,2,1,Hibernating
14294,408,1,375.34,2,1,2,Hibernating
15285,408,1,94.92,2,1,1,Hibernating
16129,408,3,1396.05,2,3,4,At risk
17853,408,3,1596.29,2,3,4,At risk
15328,408,1,107.24,2,1,1,Hibernating
16630,408,1,106.8,2,1,1,Hibernating
15887,407,3,1027.15,2,3,3,At risk
14122,407,3,362.42,2,3,2,At risk
14746,407,4,593.5,2,3,2,At risk
14490,407,2,1273.47,2,2,4,Hibernating
17821,407,1,334.62,2,1,2,Hibernating
17741,407,2,101.1,2,2,1,Hibernating
16058,407,1,62.7,2,2,1,Hibernating
13580,407,1,107.75,2,1,1,Hibernating
15170,407,1,81.15,2,2,1,Hibernating
16635,407,1,473.0,2,2,2,Hibernating
15879,405,4,1137.8,2,3,3,At risk
14213,405,1,1192.2,2,2,3,Hibernating
13677,405,2,551.24,2,2,2,Hibernating
16724,405,1,147.35,2,1,1,Hibernating
15501,405,2,399.95,2,2,2,Hibernating
14848,405,1,310.56,2,1,2,Hibernating
17413,405,2,560.14,2,2,2,Hibernating
16606,405,2,357.66,2,3,2,At risk
12608,405,1,415.79,2,1,2,Hibernating
15439,405,4,1269.05,2,3,4,At risk
14429,404,1,516.28,2,2,2,Hibernating
16876,404,1,136.01,2,1,1,Hibernating
14777,404,1,307.56,2,1,2,Hibernating
12389,403,3,1433.33,2,3,4,At risk
14617,403,2,190.47,2,2,1,Hibernating
13535,403,1,89.5,2,1,1,Hibernating
13215,403,1,81.6,2,2,1,Hibernating
17121,403,1,314.74,2,1,2,Hibernating
13921,403,4,730.7,2,4,3,Can't lose them
17003,403,4,828.21,2,4,3,Can't lose them
14363,403,2,227.47,2,2,1,Hibernating
17276,403,1,501.24,2,2,2,Hibernating
13251,403,1,252.68,2,1,1,Hibernating
13331,402,1,262.4,2,1,1,Hibernating
16865,402,1,130.95,2,1,1,Hibernating
14398,402,2,707.79,2,2,3,Hibernating
15915,402,1,364.24,2,1,2,Hibernating
15233,402,1,59.4,2,2,1,Hibernating
15481,402,1,1993.34,2,2,4,Hibernating
18141,402,2,882.47,2,3,3,At risk
15336,402,1,240.5,2,1,1,Hibernating
14942,402,4,746.56,2,4,3,Can't lose them
13903,401,1,165.45,2,1,1,Hibernating
13648,401,8,1759.07,2,4,4,Can't lose them
16707,401,4,533.41,2,3,2,At risk
15425,401,4,1941.12,2,3,4,At risk
12958,401,2,467.34,2,2,2,Hibernating
16590,401,2,605.9,2,2,3,Hibernating
16888,401,3,434.2,2,3,2,At risk
13660,401,1,306.64,2,1,2,Hibernating
13303,401,1,61.72,2,2,1,Hibernating
12914,401,1,223.98,2,1,1,Hibernating
16391,401,4,1048.86,2,3,3,At risk
16060,401,3,541.95,2,3,2,At risk
14136,401,5,1570.81,2,4,4,Can't lose them
13172,401,1,69.6,2,2,1,Hibernating
13206,401,13,8308.19,2,5,5,Can't lose them
13597,401,2,396.71,2,3,2,At risk
13646,400,2,326.25,2,3,2,At risk
15792,400,2,933.84,2,3,3,At risk
17876,400,3,3424.02,2,3,5,At risk
13154,400,3,1624.84,2,3,4,At risk
13836,400,2,620.37,2,2,3,Hibernating
14203,398,1,339.34,2,1,2,Hibernating
18083,398,1,463.53,2,2,2,Hibernating
16559,398,1,175.0,2,1,1,Hibernating
16640,398,1,179.4,2,1,1,Hibernating
16787,398,4,1017.53,2,3,3,At risk
15560,398,2,153.52,2,2,1,Hibernating
13377,397,2,1452.88,2,2,4,Hibernating
15390,397,2,1216.66,2,2,4,Hibernating
14927,397,1,308.2,2,1,2,Hibernating
15617,397,3,828.55,2,3,3,At risk
17000,397,2,406.3,2,2,2,Hibernating
13773,397,2,301.54,2,3,2,At risk
13691,397,1,210.78,2,1,1,Hibernating
18098,397,1,527.94,2,2,2,Hibernating
12892,397,1,263.38,2,1,1,Hibernating
16420,397,1,75.0,2,2,1,Hibernating
13738,397,1,434.78,2,2,2,Hibernating
17258,397,2,417.3,2,2,2,Hibernating
15441,397,3,1254.21,2,3,4,At risk
14610,396,2,24.35,2,2,1,Hibernating
16740,396,1,226.91,2,1,1,Hibernating
14899,396,1,1331.38,2,2,4,Hibernating
17208,396,1,111.15,2,1,1,Hibernating
16021,396,2,487.03,2,3,2,At risk
17983,396,1,171.71,2,1,1,Hibernating
14275,396,6,1189.38,2,4,3,Can't lose them
12907,396,2,508.91,2,3,2,At risk
17467,396,1,102.6,2,1,1,Hibernating
17807,396,3,437.87,2,3,2,At risk
15635,396,1,100.35,2,1,1,Hibernating
16381,396,2,247.85,2,2,1,Hibernating
16977,396,4,496.0,2,3,2,At risk
17307,396,11,3999.89,2,5,5,Can't lose them
17363,396,3,920.46,2,3,3,At risk
15011,396,2,416.6,2,2,2,Hibernating
17726,396,7,1092.06,2,4,3,Can't lose them
17476,396,2,489.86,2,3,2,At risk
13671,395,1,172.6,2,1,1,Hibernating
13945,395,2,854.15,2,2,3,Hibernating
16868,395,3,384.56,2,3,2,At risk
17903,395,1,381.09,2,1,2,Hibernating
14365,395,2,634.68,2,2,3,Hibernating
12666,395,1,1248.42,2,2,4,Hibernating
16662,395,1,151.05,2,1,1,Hibernating
14615,395,5,951.76,2,4,3,Can't lose them
15890,395,5,535.65,2,4,2,Can't lose them
13252,395,2,399.3,2,2,2,Hibernating
13915,395,1,70.8,2,2,1,Hibernating
15131,395,1,80.28,2,2,1,Hibernating
14399,395,8,2108.21,2,4,4,Can't lose them
12927,395,1,197.31,2,1,1,Hibernating
15001,395,2,197.11,2,2,1,Hibernating
13202,395,7,1580.3,2,4,4,Can't lose them
13096,395,1,419.7,2,1,2,Hibernating
15842,394,2,548.8,2,2,2,Hibernating
12803,394,1,1017.81,2,2,3,Hibernating
15138,394,1,502.52,2,2,2,Hibernating
13857,394,6,1000.91,2,4,3,Can't lose them
16786,394,1,51.84,2,2,1,Hibernating
17688,394,1,304.2,2,1,2,Hibernating
17308,394,2,4511.76,2,2,5,Hibernating
16827,394,5,387.18,2,4,2,Can't lose them
16797,394,5,1802.02,2,4,4,Can't lose them
17815,394,1,591.96,2,2,2,Hibernating
17558,394,1,259.17,2,1,1,Hibernating
14922,394,2,843.74,2,2,3,Hibernating
18057,394,3,1168.14,2,3,3,At risk
16199,393,7,942.75,2,4,3,Can't lose them
15566,393,2,227.87,2,2,1,Hibernating
17803,393,1,184.66,2,1,1,Hibernating
13961,393,1,538.4,2,2,2,Hibernating
17210,393,1,251.72,2,1,1,Hibernating
18007,393,1,215.22,2,1,1,Hibernating
18054,393,1,176.5,2,1,1,Hibernating
13293,393,6,1192.94,2,4,3,Can't lose them
18063,391,2,186.6,2,2,1,Hibernating
14599,391,2,457.89,2,2,2,Hibernating
14559,391,1,75.6,2,2,1,Hibernating
15726,391,1,321.91,2,1,2,Hibernating
16074,391,1,252.5,2,1,1,Hibernating
16687,391,1,157.63,2,1,1,Hibernating
17300,391,2,393.64,2,3,2,At risk
17497,391,2,287.25,2,2,2,Hibernating
15283,391,3,148.33,2,3,1,At risk
13545,391,2,364.93,2,3,2,At risk
17544,391,3,944.82,2,3,3,At risk
14807,391,2,504.14,2,3,2,At risk
14526,390,1,258.65,2,1,1,Hibernating
17740,390,6,426.9,2,4,2,Can't lose them
12376,390,2,383.15,2,2,2,Hibernating
17106,390,1,481.58,2,2,2,Hibernating
16314,390,3,1491.4,2,3,4,At risk
16087,390,5,1739.92,2,4,4,Can't lose them
14358,390,2,400.06,2,2,2,Hibernating
17992,390,1,252.88,2,1,1,Hibernating
14065,390,3,891.02,2,3,3,At risk
13582,390,2,241.68,2,2,1,Hibernating
14192,389,1,293.74,2,1,2,Hibernating
13789,389,1,239.46,2,1,1,Hibernating
13624,389,1,462.08,2,2,2,Hibernating
17689,389,2,317.08,2,3,2,At risk
13795,389,4,836.3,2,4,3,Can't lose them
15161,389,1,119.92,2,1,1,Hibernating
15968,389,1,401.8,2,1,2,Hibernating
17200,388,4,356.71,2,4,2,Can't lose them
13237,388,1,643.0,2,2,3,Hibernating
13964,388,2,438.9,2,2,2,Hibernating
15515,388,1,171.81,2,1,1,Hibernating
14417,388,1,524.65,2,2,2,Hibernating
13605,388,2,522.67,2,2,2,Hibernating
14811,388,1,170.5,2,1,1,Hibernating
18256,388,1,110.7,2,1,1,Hibernating
17310,388,2,1025.1,2,2,3,Hibernating
18195,388,1,101.16,2,1,1,Hibernating
13996,387,2,845.76,2,2,3,Hibernating
13970,387,2,846.55,2,2,3,Hibernating
17421,387,3,1059.41,2,3,3,At risk
13665,387,3,1711.66,2,3,4,At risk
16973,387,1,127.0,2,1,1,Hibernating
17776,387,2,329.3,2,3,2,At risk
14614,387,1,295.13,2,1,2,Hibernating
13864,387,1,662.4,2,2,3,Hibernating
16089,387,2,263.49,2,2,1,Hibernating
17089,387,1,128.45,2,1,1,Hibernating
17355,387,1,273.31,2,1,1,Hibernating
16588,387,4,1361.28,2,3,4,At risk
14405,387,1,195.0,2,1,1,Hibernating
17868,387,1,227.15,2,1,1,Hibernating
16346,386,1,224.51,2,1,1,Hibernating
13156,386,3,1586.54,2,3,4,At risk
16599,386,1,172.8,2,1,1,Hibernating
12629,386,2,1198.22,2,2,3,Hibernating
15846,386,1,107.01,2,1,1,Hibernating
17241,386,12,2736.64,2,5,4,Can't lose them
17532,386,1,65.34,2,2,1,Hibernating
16228,386,3,885.71,2,3,3,At risk
12874,386,2,873.42,2,3,3,At risk
12419,386,2,391.01,2,3,2,At risk
12978,386,5,2502.82,2,4,4,Can't lose them
17493,386,1,100.91,2,1,1,Hibernating
17269,386,1,491.81,2,2,2,Hibernating
17683,386,3,819.01,2,3,3,At risk
16501,384,1,1191.23,2,2,3,Hibernating
17275,384,1,114.1,2,1,1,Hibernating
12807,384,1,250.35,2,1,1,Hibernating
17036,384,1,176.9,2,1,1,Hibernating
15155,384,1,383.97,2,1,2,Hibernating
17335,384,2,497.04,2,3,2,At risk
16946,384,5,1222.04,2,4,4,Can't lose them
13550,384,1,342.55,2,1,2,Hibernating
12858,384,1,147.27,2,1,1,Hibernating
13275,384,2,238.86,2,2,1,Hibernating
12887,384,1,222.4,2,1,1,Hibernating
15519,384,2,344.61,2,3,2,At risk
17782,383,2,679.02,2,2,3,Hibernating
14478,383,4,1276.66,2,3,4,At risk
13086,383,1,439.33,2,2,2,Hibernating
16373,383,2,309.49,2,3,2,At risk
16252,383,1,295.09,2,1,2,Hibernating
14994,383,5,942.77,2,4,3,Can't lose them
15590,383,5,1496.6,2,4,4,Can't lose them
14134,383,15,11123.35,2,5,5,Can't lose them
15169,383,2,569.22,2,2,2,Hibernating
16972,383,2,749.0,2,2,3,Hibernating
17713,383,4,1198.09,2,4,3,Can't lose them
15377,383,4,1211.75,2,4,4,Can't lose them
14202,382,3,847.76,2,3,3,At risk
16001,382,1,583.39,2,2,2,Hibernating
16155,382,5,796.9,2,4,3,Can't lose them
13181,382,1,359.69,2,1,2,Hibernating
14252,382,1,350.99,2,1,2,Hibernating
14926,382,2,359.4,2,3,2,At risk
16821,382,1,113.35,2,1,1,Hibernating
17098,382,3,591.07,2,3,2,At risk
12805,382,4,1230.95,2,4,4,Can't lose them
12880,382,2,640.13,2,2,3,Hibernating
18047,382,2,326.09,2,3,2,At risk
14679,382,3,1289.44,2,3,4,At risk
17766,382,2,299.61,2,3,2,At risk
12889,382,4,385.46,2,3,2,At risk
13843,382,1,319.75,2,1,2,Hibernating
17598,382,1,409.98,2,1,2,Hibernating
16935,382,3,530.86,2,3,2,At risk
17872,382,1,235.87,2,1,1,Hibernating
16437,382,2,301.25,2,3,2,At risk
15902,381,1,145.01,2,1,1,Hibernating
15173,381,7,1494.6,2,4,4,Can't lose them
16699,381,7,994.6,2,4,3,Can't lose them
18076,381,1,151.49,2,1,1,Hibernating
15509,381,1,152.41,2,1,1,Hibernating
13554,381,7,1629.35,2,4,4,Can't lose them
14458,381,1,219.27,2,1,1,Hibernating
15476,381,4,2209.98,2,3,4,At risk
17998,381,3,639.24,2,3,3,At risk
16489,381,2,303.7,2,3,2,At risk
17989,380,1,207.33,2,1,1,Hibernating
17996,380,3,469.73,2,3,2,At risk
15084,380,2,965.2,2,3,3,At risk
17167,380,3,867.11,2,3,3,At risk
15961,380,1,451.29,2,2,2,Hibernating
13987,380,2,682.54,2,2,3,Hibernating
17342,380,4,1227.54,2,4,4,Can't lose them
14627,380,1,462.75,2,2,2,Hibernating
15936,380,2,282.79,2,2,1,Hibernating
15728,380,2,544.6,2,2,2,Hibernating
13958,380,8,4709.23,2,5,5,Can't lose them
16231,380,4,1074.47,2,3,3,At risk
16874,380,1,209.89,2,1,1,Hibernating
15495,380,1,246.5,2,1,1,Hibernating
13019,380,6,1229.95,2,4,4,Can't lose them
17882,380,2,291.56,2,2,2,Hibernating
12385,380,1,1668.4,2,1,4,Hibernating
14721,380,1,109.07,2,1,1,Hibernating
12961,380,1,211.99,2,1,1,Hibernating
15020,380,1,198.47,2,1,1,Hibernating
18025,380,6,1177.72,2,4,3,Can't lose them
18031,379,1,451.3,2,2,2,Hibernating
16262,379,1,755.15,2,2,3,Hibernating
16138,379,3,910.35,2,3,3,At risk
16254,379,3,967.44,2,3,3,At risk
13891,379,3,859.21,2,3,3,At risk
15638,379,6,2265.2,2,4,4,Can't lose them
15914,379,2,205.99,2,2,1,Hibernating
17952,379,4,788.46,2,4,3,Can't lose them
17283,379,1,188.46,2,1,1,Hibernating
13542,377,17,3959.49,2,5,5,Can't lose them
17150,377,6,1357.95,2,4,4,Can't lose them
13254,377,1,51.41,2,2,1,Hibernating
15446,377,3,396.75,2,3,2,At risk
17322,377,5,922.59,2,4,3,Can't lose them
12605,377,3,1124.95,2,3,3,At risk
14454,377,5,977.3,2,4,3,Can't lose them
17607,377,1,333.81,2,1,2,Hibernating
17804,377,3,383.78,2,3,2,At risk
15580,377,8,1375.39,2,4,4,Can't lose them
14986,377,2,563.1,2,2,2,Hibernating
15037,377,2,397.76,2,2,2,Hibernating
15583,377,1,95.96,2,1,1,Hibernating
16421,377,3,526.27,2,3,2,At risk
18003,377,1,353.51,2,1,2,Hibernating
16355,376,1,416.35,2,1,2,Hibernating
17814,376,2,1609.37,2,2,4,Hibernating
18002,376,4,237.62,2,4,1,Can't lose them
14119,376,2,183.37,2,2,1,Hibernating
12767,376,1,949.82,2,2,3,Hibernating
17756,376,3,728.75,2,3,3,At risk
12351,376,1,300.93,2,1,2,Hibernating
14510,376,3,979.85,2,3,3,At risk
16194,376,1,308.6,2,1,2,Hibernating
15989,376,2,368.31,2,3,2,At risk
17547,376,2,727.85,2,2,3,Hibernating
12870,376,3,1676.95,2,3,4,At risk
15404,376,1,257.06,2,1,1,Hibernating
15828,376,1,1108.82,2,2,3,Hibernating
12996,376,1,355.5,2,1,2,Hibernating
14170,376,3,570.18,2,3,2,At risk
17281,375,6,797.85,2,4,3,Can't lose them
13010,375,2,330.12,2,3,2,At risk
17170,375,2,178.68,2,2,1,Hibernating
14605,375,4,920.71,2,4,3,Can't lose them
16223,375,2,1087.05,2,3,3,At risk
17826,375,1,133.34,2,1,1,Hibernating
15960,375,4,410.95,2,3,2,At risk
18039,375,4,548.22,2,3,2,At risk
17820,375,1,180.61,2,1,1,Hibernating
13444,375,2,619.08,2,2,3,Hibernating
13693,375,9,2011.82,2,5,4,Can't lose them
17378,375,1,10.95,2,2,1,Hibernating
15165,374,1,487.75,2,2,2,Hibernating
15922,374,1,369.5,2,1,2,Hibernating
18074,374,2,1019.44,2,2,3,Hibernating
14142,374,2,671.34,2,2,3,Hibernating
13747,374,2,169.8,2,2,1,Hibernating
18011,374,2,410.79,2,2,2,Hibernating
16583,374,2,297.95,2,2,2,Hibernating
16274,374,1,331.55,2,1,2,Hibernating
16048,374,4,818.79,2,4,3,Can't lose them
17908,374,5,1142.47,2,4,3,Can't lose them
17968,374,4,590.44,2,3,2,At risk
12791,374,5,656.83,2,4,3,Can't lose them
17643,374,2,439.7,2,2,2,Hibernating
15350,374,2,547.6,2,2,2,Hibernating
13065,374,5,1055.05,2,4,3,Can't lose them
14237,374,2,471.14,2,2,2,Hibernating
14729,374,3,586.24,2,3,2,At risk
17855,373,1,208.97,2,1,1,Hibernating
15070,373,3,737.05,2,3,3,At risk
14576,373,1,35.4,2,2,1,Hibernating
16781,373,2,623.0,2,2,3,Hibernating
17925,373,1,244.08,2,1,1,Hibernating
15363,373,2,678.11,2,2,3,Hibernating
16752,373,1,207.5,2,1,1,Hibernating
13011,373,1,50.55,2,2,1,Hibernating
17850,373,155,51208.87,2,5,5,Can't lose them
17732,373,8,2166.42,2,4,4,Can't lose them
15923,373,1,127.08,2,1,1,Hibernating
17976,373,1,321.79,2,1,2,Hibernating
12855,373,4,612.84,2,3,3,At risk
12738,373,1,137.35,2,1,1,Hibernating
16510,373,6,1757.25,2,4,4,Can't lose them
13108,373,2,748.46,2,2,3,Hibernating
16754,373,29,65500.07,2,5,5,Can't lose them
12725,372,3,1906.76,2,3,4,At risk
17967,372,2,223.42,2,2,1,Hibernating
12686,372,1,71.14,2,2,1,Hibernating
16926,372,5,1169.61,2,4,3,Can't lose them
13370,372,1,754.87,2,2,3,Hibernating
14589,372,1,39.75,2,2,1,Hibernating
16718,370,5,3006.08,2,4,5,Can't lose them
14813,370,4,888.91,2,4,3,Can't lose them
15880,370,1,329.03,2,1,2,Hibernating
16858,369,10,4292.59,2,5,5,Can't lose them
15899,369,1,56.25,2,2,1,Hibernating
16658,369,5,680.83,2,4,3,Can't lose them
18113,369,1,76.32,2,2,1,Hibernating
17860,369,4,717.39,2,4,3,Can't lose them
13786,368,6,3127.99,2,4,5,Can't lose them
15180,368,3,816.93,2,3,3,At risk
18119,368,1,180.7,2,1,1,Hibernating
16125,368,14,4292.35,2,5,5,Can't lose them
13807,368,3,422.2,2,3,2,At risk
15221,367,4,2062.2,2,4,4,Can't lose them
18269,367,1,168.6,2,1,1,Hibernating
16893,367,2,249.47,2,2,1,Hibernating
15973,367,2,665.62,2,2,3,Hibernating
14821,367,7,1230.15,2,4,4,Can't lose them
15332,367,6,4892.68,2,4,5,Can't lose them
16679,367,3,663.31,2,3,3,At risk
13270,367,1,590.0,2,2,2,Hibernating
15347,367,4,1162.0,2,3,3,At risk
12441,367,1,155.55,2,1,1,Hibernating
14355,366,3,840.05,2,3,3,At risk
16065,366,8,1992.13,2,4,4,Can't lose them
16795,366,3,2062.41,2,3,4,At risk
14932,366,2,566.13,2,2,2,Hibernating
15945,366,4,646.27,2,3,3,At risk
13369,366,1,258.28,2,1,1,Hibernating
12797,366,2,468.08,2,2,2,Hibernating
17978,366,4,1159.99,2,3,3,At risk
17456,366,2,975.56,2,3,3,At risk
14437,366,5,873.34,2,4,3,Can't lose them
16565,365,4,773.05,2,4,3,Can't lose them
15723,365,4,930.7,2,4,3,Can't lose them
14082,365,2,413.36,2,2,2,Hibernating
16727,365,4,1377.77,2,3,4,At risk
17880,365,3,824.92,2,3,3,At risk
12785,365,3,904.4,2,3,3,At risk
15503,363,2,257.3,2,2,1,Hibernating
16665,363,1,135.4,2,1,1,Hibernating
14413,363,3,421.72,2,3,2,At risk
17251,363,3,798.98,2,3,3,At risk
18004,363,1,157.92,2,1,1,Hibernating
15454,363,2,303.89,2,3,2,At risk
17524,362,3,539.14,2,3,2,At risk
15361,362,4,689.07,2,3,3,At risk
17303,362,1,250.04,2,1,1,Hibernating
16499,361,8,2578.34,2,4,4,Can't lose them
16202,361,9,2501.99,2,5,4,Can't lose them
16812,361,4,2392.0,2,3,4,At risk
13948,361,4,548.76,2,3,2,At risk
17194,361,2,776.66,2,2,3,Hibernating
17752,360,1,80.64,2,2,1,Hibernating
13295,360,4,1101.97,2,3,3,At risk
17551,360,1,290.34,2,1,2,Hibernating
18050,360,2,412.06,2,2,2,Hibernating
17525,360,3,1161.9,2,3,3,At risk
17496,359,4,1412.89,2,3,4,At risk
15224,359,5,871.36,2,4,3,Can't lose them
17691,359,4,637.55,2,3,3,At risk
15789,359,6,1962.01,2,4,4,Can't lose them
13874,359,7,2049.15,2,4,4,Can't lose them
12967,359,3,2938.52,2,3,5,At risk
18176,359,1,476.35,2,2,2,Hibernating
14373,359,1,76.55,2,2,1,Hibernating
15204,358,1,316.58,2,1,2,Hibernating
13033,358,2,220.55,2,2,1,Hibernating
12551,358,1,168.0,2,1,1,Hibernating
15160,358,4,589.27,2,3,2,At risk
17343,356,6,1259.94,2,4,4,Can't lose them
15460,355,1,214.26,2,1,1,Hibernating
13564,355,36,15880.22,2,5,5,Can't lose them
15279,355,5,1580.54,2,4,4,Can't lose them
16270,354,1,1141.24,2,2,3,Hibernating
12515,354,1,278.7,2,1,1,Hibernating
12734,353,3,603.65,2,3,3,At risk
13922,352,3,865.2,2,3,3,At risk
15562,352,3,671.43,2,3,3,At risk
13304,352,4,1217.99,2,4,4,Can't lose them
16282,340,3,1307.58,2,3,4,At risk
15266,339,5,852.21,2,4,3,Can't lose them
15464,339,1,1044.65,2,2,3,Hibernating
13187,338,4,328.36,2,4,2,Can't lose them
12386,338,2,401.9,2,2,2,Hibernating
12501,337,1,2025.39,2,2,4,Hibernating
12829,337,3,385.3,2,3,2,At risk
15649,337,4,1660.35,2,3,4,At risk
12489,337,1,298.93,2,1,2,Hibernating
14889,337,1,135.9,2,1,1,Hibernating
15607,337,9,1708.97,2,5,4,Can't lose them
12651,335,4,377.75,2,3,2,At risk
17128,335,1,157.09,2,1,1,Hibernating
12793,335,3,745.53,2,3,3,At risk
18032,335,1,73.5,2,2,1,Hibernating
16850,334,1,332.41,2,1,2,Hibernating
15100,334,7,2193.9,2,4,4,Can't lose them
17406,334,13,4186.95,2,5,5,Can't lose them
15326,334,5,1700.52,2,4,4,Can't lose them
12736,333,1,144.0,2,1,1,Hibernating
13144,333,2,135.35,2,2,1,Hibernating
15346,333,3,596.12,2,3,2,At risk
16351,333,13,3330.03,2,5,5,Can't lose them
17569,333,1,344.14,2,1,2,Hibernating
14270,332,1,492.65,2,2,2,Hibernating
15171,332,1,1289.5,2,2,4,Hibernating
12652,332,2,891.03,2,3,3,At risk
14185,332,1,197.65,2,1,1,Hibernating
15510,331,1,250.0,2,1,1,Hibernating
16315,331,2,402.71,2,2,2,Hibernating
18085,331,4,1341.85,2,4,4,Can't lose them
13284,331,1,201.19,2,1,1,Hibernating
15447,331,5,492.88,2,4,2,Can't lose them
12672,330,2,407.05,2,2,2,Hibernating
13385,330,1,534.57,2,2,2,Hibernating
18106,330,6,1441.06,2,4,4,Can't lose them
15316,327,1,165.0,2,1,1,Hibernating
18212,327,2,514.37,2,2,2,Hibernating
14238,327,3,434.23,2,3,2,At risk
12872,327,12,3283.96,2,5,5,Can't lose them
13859,327,2,515.86,2,2,2,Hibernating
12346,326,3,77352.96,2,3,5,At risk
15395,326,1,107.45,2,1,1,Hibernating
18233,326,1,440.0,2,2,2,Hibernating
13898,326,2,686.4,2,2,3,Hibernating
12665,325,3,259.6,2,3,1,At risk
14090,325,1,76.32,2,2,1,Hibernating
13008,324,3,612.13,2,3,3,At risk
12402,324,6,1136.9,2,4,3,Can't lose them
15422,324,7,1619.97,2,4,4,Can't lose them
15262,324,3,418.82,2,3,2,At risk
17862,324,4,1254.89,2,4,4,Can't lose them
17890,323,2,586.89,2,2,2,Hibernating
17094,323,2,402.2,2,2,2,Hibernating
16387,323,5,882.46,2,4,3,Can't lose them
15174,323,2,481.46,2,2,2,Hibernating
14068,321,4,1516.72,2,3,4,At risk
17714,321,5,1410.18,2,4,4,Can't lose them
15167,321,5,1627.62,2,4,4,Can't lose them
14439,320,5,9443.04,2,4,5,Can't lose them
14368,320,1,155.0,2,1,1,Hibernating
14130,320,4,1858.77,2,3,4,At risk
13551,320,2,244.2,2,2,1,Hibernating
15052,320,1,207.73,2,1,1,Hibernating
15820,320,1,206.98,2,1,1,Hibernating
14782,320,1,200.1,2,1,1,Hibernating
13703,319,2,425.56,2,2,2,Hibernating
13002,319,3,414.13,2,3,2,At risk
15213,319,2,328.35,2,3,2,At risk
16757,319,2,270.48,2,2,1,Hibernating
13615,319,8,6272.53,2,5,5,Can't lose them
14248,319,3,1032.95,2,3,3,At risk
15222,319,11,3550.91,2,5,5,Can't lose them
16222,319,2,1272.05,2,2,4,Hibernating
16124,318,4,1772.49,2,3,4,At risk
16714,318,3,1482.33,2,3,4,At risk
17118,318,1,157.02,2,1,1,Hibernating
15661,318,8,1215.95,2,4,4,Can't lose them
12591,318,3,1114.95,2,3,3,At risk
12764,317,1,1693.88,2,1,4,Hibernating
13506,317,5,1338.08,2,4,4,Can't lose them
13328,317,1,1308.48,2,2,4,Hibernating
12574,316,1,182.45,2,1,1,Hibernating
12735,316,2,689.57,2,2,3,Hibernating
12377,316,4,3266.32,2,4,5,Can't lose them
17062,314,6,884.71,2,4,3,Can't lose them
13161,314,2,472.13,2,2,2,Hibernating
15415,314,1,559.61,2,2,2,Hibernating
17431,314,1,403.3,2,1,2,Hibernating
17239,313,4,1189.45,2,4,3,Can't lose them
13600,313,2,518.42,2,2,2,Hibernating
17619,313,1,214.37,2,1,1,Hibernating
15881,313,5,501.39,2,4,2,Can't lose them
18095,313,5,2303.09,2,4,4,Can't lose them
16403,313,1,177.5,2,1,1,Hibernating
15448,313,2,788.81,2,2,3,Hibernating
12929,312,1,117.85,2,1,1,Hibernating
13494,312,1,316.26,2,1,2,Hibernating
14549,312,4,913.6,2,4,3,Can't lose them
12373,312,3,927.65,2,3,3,At risk
14496,312,7,2363.89,2,4,4,Can't lose them
15940,312,1,35.8,2,2,1,Hibernating
14850,312,7,1770.96,2,4,4,Can't lose them
17356,312,5,946.47,2,4,3,Can't lose them
15107,312,9,824.35,2,5,3,Can't lose them
17912,311,6,371.6,2,4,2,Can't lose them
14411,311,1,1063.0,2,2,3,Hibernating
14457,311,1,113.64,2,1,1,Hibernating
18250,311,1,349.27,2,1,2,Hibernating
17223,311,3,523.04,2,3,2,At risk
15226,311,1,154.41,2,1,1,Hibernating
12559,311,2,525.71,2,2,2,Hibernating
12350,311,1,294.4,2,1,2,Hibernating
13800,310,3,1679.56,2,3,4,At risk
13581,310,2,280.53,2,2,1,Hibernating
14497,310,2,697.06,2,2,3,Hibernating
16030,310,1,331.24,2,1,2,Hibernating
17517,309,1,153.94,2,1,1,Hibernating
17226,309,3,895.47,2,3,3,At risk
13963,309,17,2860.57,2,5,4,Can't lose them
15090,309,1,381.32,2,1,2,Hibernating
17291,309,1,550.8,2,2,2,Hibernating
12410,309,3,773.71,2,3,3,At risk
17392,307,3,579.92,2,3,2,At risk
15808,307,21,17180.25,2,5,5,Can't lose them
12956,307,4,521.89,2,3,2,At risk
13584,307,3,385.7,2,3,2,At risk
14438,307,1,131.9,2,1,1,Hibernating
13809,306,3,679.7,2,3,3,At risk
14048,306,3,748.69,2,3,3,At risk
14600,306,2,865.17,2,2,3,Hibernating
17881,305,1,133.35,2,1,1,Hibernating
15753,305,1,79.2,2,2,1,Hibernating
17859,305,1,141.92,2,1,1,Hibernating
15843,304,1,118.95,2,1,1,Hibernating
15970,304,2,1017.32,2,3,3,At risk
17358,304,5,861.01,2,4,3,Can't lose them
17843,304,2,312.65,2,3,2,At risk
12401,304,1,69.3,2,2,1,Hibernating
16405,303,2,167.25,2,2,1,Hibernating
12561,303,1,238.85,2,1,1,Hibernating
14431,303,4,2614.2,2,3,4,At risk
16725,303,13,1686.81,2,5,4,Can't lose them
13706,303,2,631.17,2,2,3,Hibernating
17334,303,3,635.15,2,3,3,At risk
16425,303,1,302.7,2,1,2,Hibernating
14081,303,10,4867.57,2,5,5,Can't lose them
13672,302,3,419.92,2,3,2,At risk
13819,302,6,2642.35,2,4,4,Can't lose them
18159,302,1,530.15,2,2,2,Hibernating
16897,300,2,289.78,2,2,2,Hibernating
16084,300,1,436.18,2,2,2,Hibernating
15236,299,1,321.05,2,1,2,Hibernating
17829,299,5,4756.74,2,4,5,Can't lose them
14176,298,5,756.46,2,4,3,Can't lose them
14935,298,2,2849.83,2,3,4,At risk
14760,298,1,89.2,2,2,1,Hibernating
16738,298,1,3.75,2,1,1,Hibernating
13893,298,1,821.1,2,2,3,Hibernating
16073,298,1,122.4,2,1,1,Hibernating
16509,297,1,363.7,2,1,2,Hibernating
16494,297,1,826.53,2,2,3,Hibernating
15670,297,2,325.2,2,3,2,At risk
14386,297,1,142.4,2,1,1,Hibernating
16148,297,2,386.62,2,2,2,Hibernating
18138,296,1,152.65,2,1,1,Hibernating
14371,296,1,100.5,2,1,1,Hibernating
13151,296,3,2454.71,2,3,4,At risk
13932,295,1,307.4,2,1,2,Hibernating
16765,295,2,454.75,2,2,2,Hibernating
12852,295,1,311.55,2,1,2,Hibernating
12988,293,1,505.82,2,2,2,Hibernating
12707,292,1,603.42,2,2,2,Hibernating
13044,292,11,4848.05,2,5,5,Can't lose them
12365,292,1,320.69,2,1,2,Hibernating
16913,291,3,423.91,2,3,2,At risk
15303,291,3,1224.18,2,3,4,At risk
16349,291,1,53.5,2,2,1,Hibernating
18087,291,16,13908.72,2,5,5,Can't lose them
16546,291,5,5307.07,2,4,5,Can't lose them
18114,291,1,220.1,2,1,1,Hibernating
17171,290,2,384.59,2,2,2,Hibernating
15397,290,1,94.0,2,1,1,Hibernating
17499,290,2,1341.39,2,2,4,Hibernating
18068,290,1,101.7,2,1,1,Hibernating
12565,289,1,145.92,2,1,1,Hibernating
13501,289,3,2885.11,2,3,4,At risk
18056,289,2,554.6,2,2,2,Hibernating
17117,289,1,116.2,2,1,1,Hibernating
15543,289,2,242.26,2,2,1,Hibernating
16997,289,3,702.0,2,3,3,At risk
13751,289,1,296.25,2,1,2,Hibernating
12945,289,2,900.11,2,3,3,At risk
16072,289,4,4180.09,2,4,5,Can't lose them
12361,288,4,451.25,2,3,2,At risk
13753,288,4,2094.57,2,4,4,Can't lose them
13345,288,1,339.5,2,1,2,Hibernating
13973,288,1,264.7,2,1,1,Hibernating
16598,286,1,145.05,2,1,1,Hibernating
13684,286,4,594.88,2,3,2,At risk
14036,285,1,626.65,2,2,3,Hibernating
17165,285,6,1794.32,2,4,4,Can't lose them
12509,285,1,158.5,2,1,1,Hibernating
14046,285,1,151.59,2,1,1,Hibernating
16339,285,1,94.05,2,1,1,Hibernating
15456,284,10,2091.52,2,5,4,Can't lose them
15709,284,2,327.85,2,3,2,At risk
15319,284,1,204.5,2,1,1,Hibernating
13166,284,2,875.93,2,3,3,At risk
12866,284,3,1092.35,2,3,3,At risk
15257,284,2,685.9,2,2,3,Hibernating
16078,284,2,362.99,2,3,2,At risk
12834,283,1,312.38,2,1,2,Hibernating
15733,283,1,162.3,2,1,1,Hibernating
17923,283,3,497.0,2,3,2,At risk
12873,283,3,2027.3,2,3,4,At risk
16792,283,5,623.46,2,4,3,Can't lose them
13497,283,6,1166.83,2,4,3,Can't lose them
16159,282,4,1232.79,2,4,4,Can't lose them
13715,282,17,8153.04,2,5,5,Can't lose them
17995,282,3,495.48,2,3,2,At risk
14483,282,2,257.1,2,2,1,Hibernating
12817,282,3,570.98,2,3,2,At risk
15087,282,1,306.94,2,1,2,Hibernating
17789,282,2,397.15,2,3,2,At risk
13382,281,5,1387.58,2,4,4,Can't lose them
14670,281,3,583.33,2,3,2,At risk
14779,281,3,386.15,2,3,2,At risk
17508,281,8,4579.23,2,4,5,Can't lose them
17535,281,1,164.4,2,1,1,Hibernating
14570,281,3,512.4,2,3,2,At risk
17325,281,3,609.57,2,3,3,At risk
12755,281,11,5236.26,2,5,5,Can't lose them
14247,279,5,753.56,2,4,3,Can't lose them
17654,278,1,117.55,2,1,1,Hibernating
12614,278,1,315.6,2,1,2,Hibernating
16517,278,1,162.7,2,1,1,Hibernating
14012,278,1,328.8,2,1,2,Hibernating
15869,278,3,321.11,2,3,2,At risk
15554,278,1,217.2,2,1,1,Hibernating
18280,278,2,488.15,2,3,2,At risk
17639,277,6,615.17,2,4,3,Can't lose them
12623,277,7,3315.84,2,4,5,Can't lose them
15234,277,1,197.0,2,1,1,Hibernating
15944,277,4,2164.24,2,3,4,At risk
14586,277,1,237.36,2,1,1,Hibernating
16917,277,2,1851.88,2,2,4,Hibernating
14165,276,1,120.44,2,1,1,Hibernating
15057,276,5,3255.96,2,4,5,Can't lose them
17138,276,7,4417.27,2,4,5,Can't lose them
12881,276,1,298.0,2,1,2,Hibernating
13093,276,55,54144.25,2,5,5,Can't lose them
13493,276,2,498.63,2,3,2,At risk
14603,275,1,660.0,2,2,3,Hibernating
16471,275,4,1189.98,2,4,3,Can't lose them
18086,275,1,101.34,2,1,1,Hibernating
15308,275,1,310.47,2,1,2,Hibernating
14727,275,3,461.03,2,3,2,At risk
16625,275,5,1654.03,2,4,4,Can't lose them
14350,275,3,972.03,2,3,3,At risk
13226,274,2,312.46,2,3,2,At risk
14114,274,7,1364.09,2,4,4,Can't lose them
15049,274,1,121.17,2,1,1,Hibernating
16766,274,2,1145.6,2,2,3,Hibernating
13133,274,3,200.45,2,3,1,At risk
13043,274,1,516.42,2,2,2,Hibernating
13708,272,1,283.33,2,1,1,Hibernating
15388,271,1,140.54,2,1,1,Hibernating
14962,271,4,366.91,2,4,2,Can't lose them
16392,270,3,755.45,2,3,3,At risk
13716,270,1,138.28,2,1,1,Hibernating
13121,270,1,283.73,2,1,1,Hibernating
17542,270,3,340.85,2,3,2,At risk
16037,270,5,1509.34,2,4,4,Can't lose them
15047,270,1,343.62,2,1,2,Hibernating
13358,269,1,389.03,2,1,2,Hibernating
13261,269,2,944.1,2,3,3,At risk
13299,269,3,1218.7,2,3,4,At risk
16297,269,1,301.9,2,1,2,Hibernating
16152,269,1,1829.04,2,1,4,Hibernating
14840,268,2,362.71,2,3,2,At risk
13707,268,5,3365.86,2,4,5,Can't lose them
12514,268,2,1597.76,2,2,4,Hibernating
16976,268,1,251.52,2,1,1,Hibernating
12845,268,4,354.09,2,4,2,Can't lose them
13216,268,1,333.74,2,1,2,Hibernating
16377,268,2,1308.48,2,2,4,Hibernating
13185,268,1,71.4,2,2,1,Hibernating
16216,268,1,914.93,2,2,3,Hibernating
14066,267,1,152.55,2,1,1,Hibernating
15695,267,4,1131.04,2,3,3,At risk
17060,267,1,234.24,2,1,1,Hibernating
14041,267,1,141.41,2,1,1,Hibernating
15019,267,1,252.81,2,1,1,Hibernating
16716,267,3,2149.68,2,3,4,At risk
14059,267,1,183.6,2,1,1,Hibernating
14633,267,1,344.9,2,1,2,Hibernating
13072,267,1,177.15,2,1,1,Hibernating
14155,267,1,118.75,2,1,1,Hibernating
16256,267,3,1579.37,2,3,4,At risk
17230,265,18,9388.49,2,5,5,Can't lose them
14693,265,7,1165.36,2,4,3,Can't lose them
16096,265,4,1584.97,2,3,4,At risk
15408,265,1,267.18,2,1,1,Hibernating
15703,265,1,211.5,2,1,1,Hibernating
12902,265,1,138.68,2,1,1,Hibernating
15445,265,2,284.5,2,2,1,Hibernating
16402,265,2,293.45,2,2,2,Hibernating
16427,264,2,241.06,2,2,1,Hibernating
14762,264,2,417.57,2,2,2,Hibernating
13934,264,1,922.1,2,2,3,Hibernating
17678,264,2,599.76,2,2,2,Hibernating
16619,264,4,1938.33,2,3,4,At risk
13262,264,3,573.45,2,3,2,At risk
17763,264,4,86.15,2,3,1,At risk
18224,264,1,158.95,2,1,1,Hibernating
14632,263,1,114.56,2,1,1,Hibernating
16721,263,1,292.47,2,1,2,Hibernating
15457,263,1,237.07,2,1,1,Hibernating
15437,263,2,393.45,2,3,2,At risk
12831,263,3,451.11,2,3,2,At risk
16135,263,2,819.45,2,2,3,Hibernating
17102,262,1,25.5,2,2,1,Hibernating
12818,262,1,1182.08,2,2,3,Hibernating
13132,262,1,77.3,2,2,1,Hibernating
12811,262,4,893.9,2,4,3,Can't lose them
13239,262,5,1594.69,2,4,4,Can't lose them
14870,262,6,1838.95,2,4,4,Can't lose them
16250,262,3,565.24,2,3,2,At risk
18191,262,2,529.4,2,2,2,Hibernating
17507,262,2,605.58,2,2,3,Hibernating
12564,262,1,402.9,2,1,2,Hibernating
17486,262,1,396.87,2,1,2,Hibernating
13341,261,1,775.85,2,2,3,Hibernating
16769,261,4,1117.05,2,3,3,At risk
13512,261,4,713.39,2,4,3,Can't lose them
14256,261,5,2460.79,2,4,4,Can't lose them
16063,261,1,335.32,2,1,2,Hibernating
14348,261,1,409.57,2,1,2,Hibernating
17698,261,1,154.95,2,1,1,Hibernating
15178,261,1,40.5,2,2,1,Hibernating
16022,261,1,602.63,2,2,2,Hibernating
13452,260,3,729.8,2,3,3,At risk
14536,260,1,170.95,2,1,1,Hibernating
14476,258,1,193.0,2,1,1,Hibernating
18071,258,6,1169.68,2,4,3,Can't lose them
13357,258,5,3795.01,2,4,5,Can't lose them
16692,257,4,1764.7,2,3,4,At risk
12792,257,2,715.01,2,2,3,Hibernating
15032,257,8,11010.05,2,5,5,Can't lose them
13368,257,4,1021.5,2,3,3,At risk
15083,257,1,88.2,2,2,1,Hibernating
18010,257,1,174.8,2,1,1,Hibernating
13649,257,6,1453.68,2,4,4,Can't lose them
16980,256,3,1422.83,2,3,4,At risk
13803,256,3,1338.91,2,3,4,At risk
13439,256,3,986.61,2,3,3,At risk
15589,256,3,478.53,2,3,2,At risk
15353,255,7,2794.47,2,4,4,Can't lose them
18108,255,3,848.81,2,3,3,At risk
15832,255,1,836.79,2,2,3,Hibernating
17775,255,1,56.4,2,2,1,Hibernating
15424,255,3,597.78,2,3,2,At risk
15528,255,1,229.33,2,1,1,Hibernating
15894,254,2,257.6,2,2,1,Hibernating
14957,254,2,261.69,2,2,1,Hibernating
17212,254,3,794.41,2,3,3,At risk
14890,254,3,817.25,2,3,3,At risk
17438,254,5,1422.77,2,4,4,Can't lose them
14479,254,4,1124.71,2,3,3,At risk
13060,254,1,307.53,2,1,2,Hibernating
17580,253,5,538.07,2,4,2,Can't lose them
14886,253,1,364.8,2,1,2,Hibernating
17701,253,1,417.95,2,1,2,Hibernating
13626,253,2,707.04,2,2,3,Hibernating
13462,253,5,1153.85,2,4,3,Can't lose them
16162,253,1,37.4,2,2,1,Hibernating
15691,253,4,571.3,2,3,2,At risk
13841,253,1,85.0,2,2,1,Hibernating
13781,251,3,778.83,2,3,3,At risk
17956,250,1,12.75,2,2,1,Hibernating
14747,250,1,328.2,2,1,2,Hibernating
13059,250,10,2291.77,2,5,4,Can't lose them
16142,250,1,535.34,2,2,2,Hibernating
18185,250,1,304.25,2,1,2,Hibernating
15442,249,1,594.0,2,2,2,Hibernating
16586,249,3,1462.78,2,3,4,At risk
17492,249,3,1122.42,2,3,3,At risk
16105,249,5,2386.19,2,4,4,Can't lose them
17906,248,1,72.9,2,2,1,Hibernating
14220,248,4,1515.0,2,3,4,At risk
16378,248,3,362.95,2,3,2,At risk
13863,248,4,1239.55,2,4,4,Can't lose them
15917,248,5,530.17,2,4,2,Can't lose them
14964,248,1,206.21,2,1,1,Hibernating
17140,248,1,454.12,2,2,2,Hibernating
16144,247,1,175.2,2,1,1,Hibernating
12580,247,2,962.9,2,3,3,At risk
14981,247,2,372.92,2,2,2,Hibernating
14465,247,11,3925.85,2,5,5,Can't lose them
13712,247,2,766.42,2,2,3,Hibernating
13718,247,2,306.55,2,3,2,At risk
16623,246,4,1015.24,2,3,3,At risk
14924,246,3,931.01,2,3,3,At risk
17035,246,4,613.59,2,3,3,At risk
15119,246,1,266.4,2,1,1,Hibernating
15775,246,2,150.5,2,2,1,Hibernating
14619,246,2,1291.24,2,2,4,Hibernating
15109,246,3,983.1,2,3,3,At risk
16010,246,11,1694.86,2,5,4,Can't lose them
16643,246,2,923.11,2,3,3,At risk
18129,244,1,112.55,2,1,1,Hibernating
13570,244,1,239.49,2,1,1,Hibernating
13508,244,2,287.05,2,2,2,Hibernating
15655,244,1,560.67,2,2,2,Hibernating
12447,244,1,431.49,2,2,2,Hibernating
14339,243,2,620.27,2,2,3,Hibernating
16552,243,2,379.73,2,2,2,Hibernating
14311,243,2,516.45,2,2,2,Hibernating
12982,243,8,2744.81,2,4,4,Can't lose them
14616,243,5,527.78,2,4,2,Can't lose them
17574,243,1,185.65,2,1,1,Hibernating
14326,243,3,940.98,2,3,3,At risk
17972,242,1,135.19,2,1,1,Hibernating
16697,242,1,112.75,2,1,1,Hibernating
14669,242,7,3216.78,2,4,5,Can't lose them
15212,242,2,208.28,2,2,1,Hibernating
15777,242,7,1762.61,2,4,4,Can't lose them
13484,242,3,790.72,2,3,3,At risk
17278,242,2,271.24,2,2,1,Hibernating
16097,241,1,185.05,2,1,1,Hibernating
17746,241,4,904.18,2,4,3,Can't lose them
13740,241,5,1582.77,2,4,4,Can't lose them
13221,241,2,844.86,2,2,3,Hibernating
15147,241,1,623.5,2,2,3,Hibernating
15230,240,2,429.6,2,2,2,Hibernating
15935,240,1,108.04,2,1,1,Hibernating
17601,240,2,412.66,2,2,2,Hibernating
14206,240,3,1185.01,2,3,3,At risk
17362,240,7,1024.04,2,4,3,Can't lose them
14105,240,5,5988.83,2,4,5,Can't lose them
16957,240,2,416.64,2,2,2,Hibernating
14154,240,8,6460.7,2,5,5,Can't lose them
15135,240,2,305.68,2,3,2,At risk
15139,240,2,178.96,2,2,1,Hibernating
17142,240,4,1275.25,2,3,4,At risk
17367,239,1,167.55,2,1,1,Hibernating
15246,239,3,780.4,2,3,3,At risk
12639,239,3,1072.37,2,3,3,At risk
13120,239,1,30.6,2,2,1,Hibernating
12582,239,4,1820.4,2,3,4,At risk
12769,239,1,1143.6,2,2,3,Hibernating
13474,237,3,646.59,2,3,3,At risk
17990,237,6,1527.61,2,4,4,Can't lose them
17582,237,5,1446.95,2,4,4,Can't lose them
12878,237,2,854.99,2,2,3,Hibernating
14532,237,11,3845.78,2,5,5,Can't lose them
16193,237,2,630.43,2,2,3,Hibernating
18213,237,1,232.48,2,1,1,Hibernating
17697,237,1,338.95,2,1,2,Hibernating
12754,236,3,3010.74,2,3,5,At risk
15749,236,3,44534.3,2,3,5,At risk
16617,236,1,151.85,2,1,1,Hibernating
18009,236,8,2144.23,2,4,4,Can't lose them
16947,236,4,946.71,2,4,3,Can't lose them
16217,236,2,304.25,2,3,2,At risk
12585,235,2,1824.1,2,3,4,At risk
13101,235,4,695.4,2,3,3,At risk
15717,235,5,607.0,2,4,3,Can't lose them
17217,235,2,210.1,2,2,1,Hibernating
15225,235,1,409.4,2,1,2,Hibernating
14672,235,4,1113.14,2,3,3,At risk
14242,235,2,280.55,2,2,1,Hibernating
12733,235,4,2424.02,2,3,4,At risk
15517,234,1,267.03,2,1,1,Hibernating
17120,234,1,307.46,2,1,2,Hibernating
17548,234,4,731.26,2,4,3,Can't lose them
13485,234,11,3015.22,2,5,5,Can't lose them
14148,234,2,466.29,2,2,2,Hibernating
17946,234,2,149.58,2,2,1,Hibernating
14770,233,8,3637.64,2,4,5,Can't lose them
16587,233,1,225.15,2,1,1,Hibernating
17718,233,2,439.18,2,2,2,Hibernating
12622,233,1,162.1,2,1,1,Hibernating
13482,233,2,336.09,2,3,2,At risk
16163,233,6,2407.98,2,4,4,Can't lose them
12506,233,1,73.5,2,2,1,Hibernating
12354,233,1,1079.4,2,2,3,Hibernating
16834,228,2,898.96,2,3,3,At risk
12573,228,5,717.41,2,4,3,Can't lose them
17670,228,1,205.7,2,1,1,Hibernating
16823,228,7,2243.09,2,4,4,Can't lose them
17277,228,2,1065.35,2,2,3,Hibernating
18183,228,2,632.07,2,2,3,Hibernating
17187,227,2,467.71,2,2,2,Hibernating
16965,227,1,192.07,2,1,1,Hibernating
16698,227,2,1998.0,2,3,4,At risk
15891,227,1,509.13,2,2,2,Hibernating
18220,227,6,1921.76,2,4,4,Can't lose them
14022,226,2,792.15,2,2,3,Hibernating
17893,226,1,107.21,2,1,1,Hibernating
17991,226,3,298.65,2,3,2,At risk
13229,226,1,160.95,2,1,1,Hibernating
15223,226,5,1417.95,2,4,4,Can't lose them
14271,226,2,214.18,2,2,1,Hibernating
16227,226,3,1027.22,2,3,3,At risk
15143,226,2,563.63,2,2,2,Hibernating
15210,226,3,1176.19,2,3,3,At risk
14304,223,3,1725.01,2,3,4,At risk
16634,223,6,1649.81,2,4,4,Can't lose them
16055,221,1,134.8,2,1,1,Hibernating
14149,221,1,446.62,2,2,2,Hibernating
17501,221,2,288.6,2,2,2,Hibernating
17443,220,1,534.24,2,2,2,Hibernating
16610,220,1,75.66,2,2,1,Hibernating
17394,220,1,203.87,2,1,1,Hibernating
13731,220,2,610.59,2,2,3,Hibernating
17646,220,12,3898.79,2,5,5,Can't lose them
14245,220,2,1693.45,2,2,4,Hibernating
13711,219,9,1792.26,2,5,4,Can't lose them
17374,219,3,727.11,2,3,3,At risk
18239,219,6,1712.26,2,4,4,Can't lose them
15759,219,7,830.93,2,4,3,Can't lose them
16990,219,2,344.0,2,3,2,At risk
14340,219,1,134.7,2,1,1,Hibernating
13762,219,5,2472.48,2,4,4,Can't lose them
17849,219,8,1063.76,2,4,3,Can't lose them
14697,219,2,188.61,2,2,1,Hibernating
16109,219,3,939.48,2,3,3,At risk
14423,219,3,916.61,2,3,3,At risk
14393,219,1,67.95,2,2,1,Hibernating
14199,219,4,1091.7,2,3,3,At risk
16457,219,1,208.36,2,1,1,Hibernating
17578,219,7,1047.33,2,4,3,Can't lose them
13952,218,14,12823.52,2,5,5,Can't lose them
15552,218,2,252.52,2,2,1,Hibernating
13723,218,6,1194.08,2,4,3,Can't lose them
18078,218,4,725.53,2,4,3,Can't lose them
18227,218,2,388.75,2,2,2,Hibernating
16319,218,1,404.4,2,1,2,Hibernating
15235,218,16,2772.76,2,5,4,Can't lose them
17604,218,6,942.38,2,4,3,Can't lose them
15668,218,1,76.32,2,2,1,Hibernating
12414,218,4,532.41,2,3,2,At risk
17174,218,1,59.9,2,2,1,Hibernating
15092,216,3,776.46,2,3,3,At risk
14353,216,3,376.5,2,3,2,At risk
13561,216,11,1803.4,2,5,4,Can't lose them
14161,216,7,2996.93,2,4,5,Can't lose them
13642,216,4,472.2,2,3,2,At risk
16756,215,7,1312.37,2,4,4,Can't lose them
12821,215,2,220.8,2,2,1,Hibernating
12355,215,2,947.61,2,3,3,At risk
12888,215,2,354.12,2,3,2,At risk
18120,215,1,111.15,2,1,1,Hibernating
14699,215,4,702.6,2,3,3,At risk
15063,214,1,370.8,2,1,2,Hibernating
15381,214,5,1890.57,2,4,4,Can't lose them
15433,214,2,533.3,2,2,2,Hibernating
16306,214,7,1124.72,2,4,3,Can't lose them
16431,214,3,623.28,2,3,3,At risk
13990,214,1,311.3,2,1,2,Hibernating
17597,214,5,3484.09,2,4,5,Can't lose them
14288,214,1,426.6,2,1,2,Hibernating
17889,213,7,746.42,2,4,3,Can't lose them
13052,213,7,3118.48,2,4,5,Can't lose them
14920,213,3,1607.17,2,3,4,At risk
15729,213,3,192.55,2,3,1,At risk
15732,213,10,1543.97,2,5,4,Can't lose them
15079,213,11,3625.4,2,5,5,Can't lose them
18133,213,1,931.5,2,2,3,Hibernating
13235,213,1,1031.07,2,2,3,Hibernating
12625,212,4,4678.88,2,3,5,At risk
18218,212,4,1121.84,2,3,3,At risk
14000,212,5,2046.34,2,4,4,Can't lose them
16006,212,2,332.82,2,3,2,At risk
14988,212,7,2038.65,2,4,4,Can't lose them
16116,212,1,612.78,2,2,3,Hibernating
13837,212,2,266.59,2,2,1,Hibernating
12976,212,8,3156.38,2,4,5,Can't lose them
16244,212,2,1522.75,2,2,4,Hibernating
16943,212,3,816.73,2,3,3,At risk
12590,212,1,9341.26,2,2,5,Hibernating
17970,212,1,562.79,2,2,2,Hibernating
12857,211,6,3688.0,2,4,5,Can't lose them
12770,211,2,3246.45,2,3,5,At risk
14873,211,2,854.13,2,2,3,Hibernating
17263,209,1,63.44,2,2,1,Hibernating
15333,209,1,1028.56,2,2,3,Hibernating
14689,209,1,112.8,2,1,1,Hibernating
15813,208,2,1303.91,2,2,4,Hibernating
14888,208,1,369.2,2,1,2,Hibernating
14489,208,4,1574.93,2,3,4,At risk
17504,207,18,9490.17,2,5,5,Can't lose them
14320,207,5,1346.75,2,4,4,Can't lose them
13976,207,4,1192.36,2,4,3,Can't lose them
13531,206,6,1433.07,2,4,4,Can't lose them
13572,206,1,1384.25,2,1,4,Hibernating
13659,206,12,4884.68,2,5,5,Can't lose them
17556,206,2,300.67,2,3,2,At risk
14620,206,2,412.78,2,2,2,Hibernating
12690,206,1,335.01,2,1,2,Hibernating
12353,205,2,406.76,2,2,2,Hibernating
13887,205,1,349.55,2,1,2,Hibernating
17245,205,2,371.63,2,2,2,Hibernating
14896,205,8,1826.0,2,4,4,Can't lose them
14442,205,7,5367.02,2,4,5,Can't lose them
13405,205,5,1198.81,2,4,3,Can't lose them
17871,205,5,1068.95,2,4,3,Can't lose them
12897,205,4,514.25,2,3,2,At risk
15648,205,2,639.5,2,2,3,Hibernating
18048,204,3,394.93,2,3,2,At risk
17455,204,1,131.7,2,1,1,Hibernating
13391,204,1,59.8,2,2,1,Hibernating
13243,204,5,1220.38,2,4,4,Can't lose them
16226,204,5,672.17,2,4,3,Can't lose them
14647,202,2,506.04,2,3,2,At risk
15705,202,1,143.1,2,1,1,Hibernating
17176,202,3,902.32,2,3,3,At risk
13227,202,1,257.7,2,1,1,Hibernating
15724,202,3,310.85,2,3,2,At risk
14195,202,6,2615.6,2,4,4,Can't lose them
15292,202,1,178.39,2,1,1,Hibernating
14817,201,7,3609.86,2,4,5,Can't lose them
17715,201,2,489.6,2,3,2,At risk
13737,201,1,339.6,2,1,2,Hibernating
13223,201,6,969.12,2,4,3,Can't lose them
13339,201,1,860.12,2,2,3,Hibernating
13479,201,4,851.37,2,4,3,Can't lose them
15042,200,2,315.45,2,3,2,At risk
17375,200,4,660.55,2,3,3,At risk
18202,200,3,1396.99,2,3,4,At risk
15314,200,3,820.45,2,3,3,At risk
17955,199,6,949.9,2,4,3,Can't lose them
14985,199,2,292.01,2,2,2,Hibernating
17770,199,5,1143.27,2,4,3,Can't lose them
16763,199,2,964.7,2,3,3,At risk
16448,199,2,361.12,2,3,2,At risk
15882,199,8,1122.38,2,4,3,Can't lose them
14009,199,3,1099.91,2,3,3,At risk
14705,199,1,179.0,2,1,1,Hibernating
14816,198,1,271.85,2,1,1,Hibernating
16838,198,4,1159.61,2,3,3,At risk
16356,198,6,415.87,2,4,2,Can't lose them
17550,198,9,2506.64,2,5,4,Can't lose them
16449,198,2,707.69,2,2,3,Hibernating
12974,198,2,408.95,2,2,2,Hibernating
14740,198,11,4161.06,2,5,5,Can't lose them
12547,198,3,299.58,2,3,2,At risk
15104,197,2,993.54,2,2,3,Hibernating
14828,197,13,9839.46,2,5,5,Can't lose them
16323,197,2,353.66,2,3,2,At risk
16034,197,6,911.32,2,4,3,Can't lose them
14280,197,1,134.04,2,1,1,Hibernating
13135,197,2,3371.45,2,2,5,Hibernating
16275,197,3,2151.11,2,3,4,At risk
12999,197,3,455.88,2,3,2,At risk
14625,197,11,4497.88,2,5,5,Can't lose them
15897,195,2,208.59,2,2,1,Hibernating
16889,195,6,2526.65,2,4,4,Can't lose them
12426,195,2,1201.21,2,2,3,Hibernating
17051,195,4,706.49,2,4,3,Can't lose them
17152,195,4,2016.5,2,4,4,Can't lose them
15925,195,1,207.15,2,1,1,Hibernating
16567,195,2,865.6,2,2,3,Hibernating
16810,193,2,842.04,2,2,3,Hibernating
13070,193,4,751.7,2,4,3,Can't lose them
18231,193,28,6848.27,2,5,5,Can't lose them
17454,193,10,1547.94,2,5,4,Can't lose them
12790,193,2,546.85,2,2,2,Hibernating
16483,193,1,139.35,2,1,1,Hibernating
13398,193,2,670.34,2,2,3,Hibernating
18190,193,5,745.62,2,4,3,Can't lose them
13475,192,4,1431.78,2,3,4,At risk
17472,192,4,922.35,2,4,3,Can't lose them
16424,192,2,443.06,2,2,2,Hibernating
14377,192,2,617.05,2,2,3,Hibernating
15643,192,3,664.0,2,3,3,At risk
13062,192,1,346.98,2,1,2,Hibernating
15658,191,8,2117.27,2,4,4,Can't lose them
16529,191,4,1986.8,2,4,4,Can't lose them
17531,191,3,1266.82,2,3,4,At risk
15918,191,3,582.88,2,3,2,At risk
17900,191,2,112.2,2,2,1,Hibernating
14453,191,1,119.93,2,1,1,Hibernating
16659,190,1,39.12,2,2,1,Hibernating
15508,190,6,1000.27,2,4,3,Can't lose them
13294,190,3,1689.53,2,3,4,At risk
16967,190,1,319.02,2,1,2,Hibernating
16230,190,2,542.03,2,2,2,Hibernating
13885,190,2,506.8,2,3,2,At risk
16117,190,3,654.4,2,3,3,At risk
12601,190,6,573.26,2,4,2,Can't lose them
15405,190,2,659.84,2,2,3,Hibernating
16963,188,1,110.55,2,1,1,Hibernating
14512,188,7,1215.97,2,4,4,Can't lose them
16883,188,19,2246.06,2,5,4,Can't lose them
17708,188,4,884.18,2,4,3,Can't lose them
13682,188,1,59.5,2,2,1,Hibernating
12468,188,5,3238.74,2,4,5,Can't lose them
14682,188,6,1514.81,2,4,4,Can't lose them
16520,187,6,2148.38,2,4,4,Can't lose them
16611,187,6,1785.13,2,4,4,Can't lose them
12802,187,5,2186.42,2,4,4,Can't lose them
16849,187,1,124.57,3,1,1,Need attention
15386,187,1,394.14,3,1,2,Need attention
15852,187,3,257.26,3,3,1,Loyal
14542,186,1,103.25,3,1,1,Need attention
14867,186,16,2952.06,3,5,5,Loyal
17854,186,6,1068.5,3,4,3,Loyal
17987,186,5,965.44,3,4,3,Loyal
13395,186,3,1180.23,3,3,3,Loyal
12868,186,8,2043.76,3,4,4,Loyal
17874,186,6,683.46,3,4,3,Loyal
17707,186,8,609.3,3,5,3,Loyal
14375,186,3,1106.82,3,3,3,Loyal
12891,186,11,840.5,3,5,3,Loyal
17026,186,3,175.83,3,3,1,Loyal
17124,186,1,294.24,3,1,2,Need attention
18072,186,1,247.44,3,1,1,Need attention
12383,185,5,1628.56,3,4,4,Loyal
16955,185,6,1120.31,3,4,3,Loyal
14622,185,1,320.58,3,1,2,Need attention
13466,185,5,1013.35,3,4,3,Loyal
17409,185,10,7793.51,3,5,5,Loyal
15609,185,1,298.48,3,1,2,Need attention
16832,185,5,417.61,3,4,2,Loyal
14501,184,2,251.21,3,2,1,Need attention
16113,184,1,161.38,3,1,1,Need attention
13811,184,2,519.75,3,2,2,Need attention
14241,184,2,333.7,3,3,2,Loyal
15780,184,3,475.28,3,3,2,Loyal
14231,184,4,1235.62,3,4,4,Loyal
13900,184,6,1610.59,3,4,4,Loyal
16581,183,1,105.84,3,1,1,Need attention
17234,183,1,149.89,3,1,1,Need attention
16614,183,3,1179.79,3,3,3,Loyal
15098,183,3,39916.5,3,3,5,Loyal
13686,183,3,409.04,3,3,2,Loyal
13533,183,3,269.09,3,3,1,Loyal
14450,181,7,1128.44,3,4,3,Loyal
18281,181,2,201.14,3,2,1,Need attention
14823,181,3,321.43,3,3,2,Loyal
13080,180,4,280.73,3,4,1,Loyal
13663,180,5,2047.51,3,4,4,Loyal
12732,180,1,218.26,3,1,1,Need attention
17349,180,5,772.41,3,4,3,Loyal
13936,180,3,939.66,3,3,3,Loyal
14573,180,13,2163.12,3,5,4,Loyal
17795,180,2,342.83,3,3,2,Loyal
15069,180,1,1109.53,3,2,3,Need attention
17179,179,6,1507.26,3,4,4,Loyal
17749,179,3,1026.18,3,3,3,Loyal
13476,179,5,2061.47,3,4,4,Loyal
15912,179,9,1074.7,3,5,3,Loyal
16644,178,2,833.78,3,2,3,Need attention
12809,178,3,1384.34,3,3,4,Loyal
13343,178,1,303.43,3,1,2,Need attention
17536,178,3,364.83,3,3,2,Loyal
16461,178,3,1539.83,3,3,4,Loyal
14222,178,1,683.17,3,2,3,Need attention
15574,178,6,1101.44,3,4,3,Loyal
18165,178,1,302.46,3,1,2,Need attention
16276,177,3,2629.39,3,3,4,Loyal
15585,177,1,455.3,3,2,2,Need attention
13826,177,1,189.5,3,1,1,Need attention
15219,177,2,685.45,3,2,3,Need attention
17446,177,2,120.9,3,2,1,Need attention
16257,177,1,21.95,3,2,1,Need attention
16739,177,2,786.43,3,2,3,Need attention
14037,177,6,836.95,3,4,3,Loyal
13951,177,3,674.45,3,3,3,Loyal
12908,177,5,1776.0,3,4,4,Loyal
18168,177,16,3435.5,3,5,5,Loyal
14491,176,2,340.93,3,3,2,Loyal
17204,176,9,5504.69,3,5,5,Loyal
16484,174,2,404.3,3,2,2,Need attention
15535,174,6,1044.37,3,4,3,Loyal
16805,174,4,1076.34,3,3,3,Loyal
17616,174,4,734.4,3,4,3,Loyal
13568,174,1,187.05,3,1,1,Need attention
18062,174,6,1632.67,3,4,4,Loyal
15909,174,1,191.94,3,1,1,Need attention
16050,174,3,300.7,3,3,2,Loyal
13618,174,1,177.34,3,1,1,Need attention
17879,174,1,178.52,3,1,1,Need attention
12837,174,2,662.66,3,2,3,Need attention
13005,174,4,999.68,3,3,3,Loyal
14162,174,2,289.36,3,2,2,Need attention
15076,173,3,1447.74,3,3,4,Loyal
15700,173,2,696.68,3,2,3,Need attention
16320,173,6,5628.99,3,4,5,Loyal
15825,173,1,532.94,3,2,2,Need attention
15280,173,3,397.52,3,3,2,Loyal
15389,173,5,2733.8,3,4,4,Loyal
15016,173,5,620.89,3,4,3,Loyal
18260,173,23,9947.26,3,5,5,Loyal
15921,173,4,765.61,3,4,3,Loyal
17897,173,9,2053.04,3,5,4,Loyal
17960,172,3,135.08,3,3,1,Loyal
15412,172,1,190.53,3,1,1,Need attention
15507,172,1,475.86,3,2,2,Need attention
16526,172,2,717.21,3,2,3,Need attention
16247,171,1,114.56,3,1,1,Need attention
14998,171,4,753.18,3,4,3,Loyal
17877,171,1,237.61,3,1,1,Need attention
16214,171,4,2038.25,3,4,4,Loyal
14643,171,5,1679.89,3,4,4,Loyal
15041,171,2,288.98,3,2,2,Need attention
16114,171,1,135.75,3,1,1,Need attention
15384,170,4,2027.79,3,4,4,Loyal
14584,170,8,1738.16,3,5,4,Loyal
13937,170,2,880.13,3,3,3,Loyal
16287,170,5,1006.98,3,4,3,Loyal
17709,170,5,671.01,3,4,3,Loyal
13929,170,11,3494.1,3,5,5,Loyal
16647,170,4,541.9,3,3,2,Loyal
14656,170,5,790.0,3,4,3,Loyal
17630,170,2,503.6,3,3,2,Loyal
15130,170,1,330.11,3,1,2,Need attention
15379,170,8,4877.84,3,5,5,Loyal
13300,170,3,1285.51,3,3,4,Loyal
15258,169,2,623.16,3,2,3,Need attention
15665,169,5,3987.07,3,4,5,Loyal
17704,169,2,885.19,3,3,3,Loyal
13856,169,11,1142.03,3,5,3,Loyal
17969,167,20,2354.29,3,5,4,Loyal
14795,167,1,131.45,3,1,1,Need attention
15644,167,4,803.54,3,4,3,Loyal
12548,167,1,67.2,3,2,1,Need attention
13453,166,3,781.69,3,3,3,Loyal
18193,166,3,1207.35,3,3,3,Loyal
15976,166,6,1680.31,3,4,4,Loyal
17980,166,4,1012.72,3,3,3,Loyal
17110,166,3,499.9,3,3,2,Loyal
12493,166,2,379.74,3,2,2,Need attention
14351,165,1,51.0,3,2,1,Need attention
13656,165,4,1078.85,3,3,3,Loyal
16473,165,4,470.83,3,3,2,Loyal
16545,165,2,689.82,3,2,3,Need attention
15146,165,2,1327.16,3,2,4,Need attention
14481,165,5,2284.69,3,4,4,Loyal
16801,164,4,1594.23,3,3,4,Loyal
16553,164,33,16584.01,3,5,5,Loyal
14327,164,6,1894.93,3,4,4,Loyal
15537,164,1,110.92,3,1,1,Need attention
17391,164,2,508.8,3,3,2,Loyal
17408,164,3,316.09,3,3,2,Loyal
13745,163,2,777.36,3,2,3,Need attention
14803,163,3,845.55,3,3,3,Loyal
14267,163,3,1516.24,3,3,4,Loyal
12424,163,4,3340.03,3,4,5,Loyal
17891,163,1,203.86,3,1,1,Need attention
15578,163,1,127.1,3,1,1,Need attention
14338,162,3,928.1,3,3,3,Loyal
14016,162,11,11303.41,3,5,5,Loyal
12922,162,1,405.38,3,1,2,Need attention
16498,162,2,100.97,3,2,1,Need attention
17505,162,5,2435.48,3,4,4,Loyal
17123,162,3,966.67,3,3,3,Loyal
15483,162,10,810.68,3,5,3,Loyal
17105,160,2,665.78,3,2,3,Need attention
17781,160,2,188.02,3,2,1,Need attention
17899,160,1,154.55,3,1,1,Need attention
15007,160,1,156.91,3,1,1,Need attention
13833,160,2,700.41,3,2,3,Need attention
17939,160,1,99.14,3,1,1,Need attention
15349,159,2,463.91,3,2,2,Need attention
16344,159,4,842.42,3,4,3,Loyal
17765,159,4,524.0,3,3,2,Loyal
17464,159,3,907.14,3,3,3,Loyal
17046,158,5,1906.07,3,4,4,Loyal
16338,158,1,214.8,3,1,1,Need attention
16146,158,4,946.38,3,4,3,Loyal
14352,158,4,1078.96,3,3,3,Loyal
14905,158,8,1971.39,3,4,4,Loyal
13085,158,8,2433.28,3,4,4,Loyal
13338,158,4,2345.62,3,3,4,Loyal
18203,158,4,482.52,3,3,2,Loyal
12980,158,21,16245.78,3,5,5,Loyal
18142,158,2,1019.52,3,2,3,Need attention
15646,158,5,784.81,3,4,3,Loyal
17341,157,5,1272.21,3,4,4,Loyal
12977,157,4,513.88,3,3,2,Loyal
17440,157,4,323.58,3,4,2,Loyal
15581,157,34,4505.16,3,5,5,Loyal
16829,157,2,513.32,3,2,2,Need attention
14645,157,3,876.89,3,3,3,Loyal
15889,157,8,1407.05,3,4,4,Loyal
16919,157,24,4909.66,3,5,5,Loyal
12450,157,5,688.2,3,4,3,Loyal
15334,157,3,347.87,3,3,2,Loyal
13253,157,4,2951.11,3,4,5,Loyal
13302,156,2,159.2,3,2,1,Need attention
13583,156,2,1445.03,3,2,4,Need attention
14021,156,7,1716.58,3,4,4,Loyal
14459,156,2,5375.74,3,2,5,Need attention
13699,156,2,764.15,3,2,3,Need attention
13291,156,11,3270.79,3,5,5,Loyal
15512,156,4,331.58,3,4,2,Loyal
18013,156,2,187.29,3,2,1,Need attention
13955,155,3,544.07,3,3,2,Loyal
12648,155,4,1039.0,3,3,3,Loyal
14104,155,5,740.53,3,4,3,Loyal
16091,155,2,315.06,3,3,2,Loyal
15920,155,8,565.19,3,5,2,Loyal
15182,155,11,2998.95,3,5,5,Loyal
18037,155,15,167.42,3,5,1,Loyal
16398,155,2,1705.8,3,2,4,Need attention
12461,155,1,626.88,3,2,3,Need attention
14264,155,6,1517.36,3,4,4,Loyal
18024,153,2,389.78,3,3,2,Loyal
17787,153,4,1817.54,3,3,4,Loyal
17126,153,9,2008.93,3,5,4,Loyal
17337,152,4,1979.61,3,4,4,Loyal
15265,152,4,3345.64,3,4,5,Loyal
13675,152,2,486.82,3,3,2,Loyal
17444,152,2,2389.1,3,2,4,Need attention
15577,152,5,396.03,3,4,2,Loyal
13754,152,3,447.05,3,3,2,Loyal
15045,152,2,735.66,3,2,3,Need attention
14552,152,3,507.93,3,3,2,Loyal
13678,152,1,232.6,3,1,1,Need attention
12717,152,3,1058.91,3,3,3,Loyal
14548,151,9,2541.29,3,5,4,Loyal
12669,151,2,1427.73,3,2,4,Need attention
13420,150,2,159.85,3,2,1,Need attention
15795,150,8,1979.87,3,4,4,Loyal
15895,150,1,179.17,3,1,1,Need attention
16450,150,3,1505.73,3,3,4,Loyal
16998,150,5,402.0,3,4,2,Loyal
18121,150,2,653.3,3,2,3,Need attention
14400,150,3,1732.47,3,3,4,Loyal
13667,150,1,299.05,3,1,2,Need attention
15402,149,6,1830.12,3,4,4,Loyal
14847,149,3,1348.95,3,3,4,Loyal
12405,149,1,1390.39,3,1,4,Need attention
14891,149,4,1106.73,3,3,3,Loyal
15256,149,2,170.4,3,2,1,Need attention
12915,149,4,975.1,3,4,3,Loyal
17259,149,6,1452.39,3,4,4,Loyal
12653,149,3,4160.83,3,3,5,Loyal
14461,149,13,6676.52,3,5,5,Loyal
17948,148,1,358.56,3,1,2,Need attention
12815,148,2,863.46,3,2,3,Need attention
14722,148,3,489.52,3,3,2,Loyal
14958,148,6,941.99,3,4,3,Loyal
15004,148,1,1220.38,3,2,4,Need attention
17984,146,5,1148.69,3,4,3,Loyal
15716,146,11,2482.74,3,5,4,Loyal
13967,146,2,166.3,3,2,1,Need attention
16054,146,4,2111.88,3,4,4,Loyal
12833,146,1,417.38,3,1,2,Need attention
16859,145,7,1932.41,3,4,4,Loyal
14758,145,7,2864.97,3,4,4,Loyal
13821,145,6,1379.08,3,4,4,Loyal
12875,144,5,1356.99,3,4,4,Loyal
12840,144,7,4041.97,3,4,5,Loyal
14117,144,1,90.0,3,1,1,Need attention
16112,144,4,195.74,3,4,1,Loyal
15713,144,4,839.64,3,4,3,Loyal
12947,144,6,1603.99,3,4,4,Loyal
17962,143,4,665.91,3,3,3,Loyal
12521,143,1,545.68,3,2,2,Need attention
12510,143,7,3039.03,3,4,5,Loyal
16807,143,6,2123.88,3,4,4,Loyal
17866,143,3,1134.95,3,3,3,Loyal
17694,142,3,1695.97,3,3,4,Loyal
17660,142,2,342.22,3,3,2,Loyal
14259,142,1,120.0,3,1,1,Need attention
15108,142,3,1159.25,3,3,3,Loyal
16654,142,8,1484.07,3,5,4,Loyal
15623,142,8,2437.05,3,4,4,Loyal
16866,141,3,207.74,3,3,1,Loyal
18146,141,2,160.35,3,2,1,Need attention
15704,141,6,3734.66,3,4,5,Loyal
18262,141,3,577.54,3,3,2,Loyal
16178,139,2,612.6,3,2,3,Need attention
17935,139,7,683.24,3,4,3,Loyal
12864,139,2,299.57,3,3,2,Loyal
16948,139,7,868.77,3,4,3,Loyal
12916,139,7,4479.73,3,4,5,Loyal
17649,139,3,1578.89,3,3,4,Loyal
13802,139,19,26259.11,3,5,5,Loyal
17265,139,2,550.01,3,2,2,Need attention
12763,139,2,494.08,3,3,2,Loyal
16305,139,1,361.22,3,1,2,Need attention
17312,139,3,644.3,3,3,3,Loyal
13037,139,12,3914.95,3,5,5,Loyal
13116,139,1,501.14,3,2,2,Need attention
14692,138,12,1715.14,3,5,4,Loyal
15372,138,8,6017.06,3,5,5,Loyal
14100,138,1,191.95,3,1,1,Need attention
13296,138,6,792.51,3,4,3,Loyal
17040,138,2,463.25,3,2,2,Need attention
17693,138,1,200.47,3,1,1,Need attention
13492,137,3,1269.84,3,3,4,Loyal
15855,137,6,1052.72,3,4,3,Loyal
13730,136,2,752.6,3,2,3,Need attention
16447,136,3,727.1,3,3,3,Loyal
13194,136,2,472.78,3,2,2,Need attention
16696,136,4,657.9,3,3,3,Loyal
15261,136,4,1508.0,3,3,4,Loyal
15245,135,8,4610.84,3,5,5,Loyal
12507,135,4,1508.06,3,3,4,Loyal
18151,135,6,1879.44,3,4,4,Loyal
17931,135,14,3402.24,3,5,5,Loyal
12453,135,1,707.09,3,2,3,Need attention
18268,135,6,1490.23,3,4,4,Loyal
12853,135,11,3907.5,3,5,5,Loyal
16951,135,3,1277.75,3,3,4,Loyal
15639,135,3,1065.08,3,3,3,Loyal
15746,135,1,196.88,3,1,1,Need attention
12743,135,2,540.13,3,2,2,Need attention
15118,135,1,244.8,3,1,1,Need attention
14002,135,2,529.73,3,2,2,Need attention
17926,134,5,1035.49,3,4,3,Loyal
13106,134,2,603.46,3,2,2,Need attention
18064,134,11,4481.83,3,5,5,Loyal
15776,134,1,241.62,3,1,1,Need attention
15120,134,1,358.82,3,1,2,Need attention
16147,134,5,2398.91,3,4,4,Loyal
15149,134,4,1524.61,3,3,4,Loyal
15942,134,1,337.44,3,1,2,Need attention
13414,134,6,2494.14,3,4,4,Loyal
14143,134,1,115.8,3,1,1,Need attention
14885,132,3,1598.12,3,3,4,Loyal
13722,132,10,5635.41,3,5,5,Loyal
13388,132,3,1185.65,3,3,3,Loyal
17695,132,5,1746.04,3,4,4,Loyal
15438,132,1,156.58,3,1,1,Need attention
12942,132,3,675.6,3,3,3,Loyal
17941,131,4,1433.28,3,3,4,Loyal
14403,131,6,1880.51,3,4,4,Loyal
17053,131,1,498.48,3,2,2,Need attention
17282,131,5,2308.54,3,4,4,Loyal
17615,131,6,721.8,3,4,3,Loyal
12534,131,1,981.18,3,2,3,Need attention
17553,130,4,3757.6,3,4,5,Loyal
17353,130,4,3242.0,3,4,5,Loyal
14133,130,4,911.14,3,4,3,Loyal
14076,130,1,118.67,3,1,1,Need attention
13075,130,1,919.61,3,2,3,Need attention
13850,130,1,1595.48,3,1,4,Need attention
17887,130,1,111.35,3,1,1,Need attention
12378,130,2,5416.32,3,2,5,Need attention
12644,130,4,1900.49,3,3,4,Loyal
15342,130,1,406.09,3,1,2,Need attention
14972,129,2,145.07,3,2,1,Need attention
16835,129,6,1456.66,3,4,4,Loyal
12643,129,11,7803.82,3,5,5,Loyal
17514,129,2,522.0,3,2,2,Need attention
12750,129,1,275.88,3,1,1,Need attention
15374,129,2,307.32,3,3,2,Loyal
17429,129,5,1357.46,3,4,4,Loyal
12917,129,6,4359.2,3,4,5,Loyal
16324,129,3,408.59,3,3,2,Loyal
18178,129,11,6103.74,3,5,5,Loyal
15254,128,3,1088.35,3,3,3,Loyal
17723,128,7,3378.4,3,4,5,Loyal
13402,128,4,1226.85,3,4,4,Loyal
14778,128,2,730.86,3,2,3,Need attention
13791,128,2,1516.0,3,2,4,Need attention
17267,128,2,317.2,3,3,2,Loyal
17692,128,12,2960.44,3,5,5,Loyal
18099,128,1,168.31,3,1,1,Need attention
12693,128,7,1415.02,3,4,4,Loyal
16572,128,3,1009.6,3,3,3,Loyal
14344,128,20,2993.05,3,5,5,Loyal
13218,128,1,62.64,3,2,1,Need attention
15133,128,5,1806.9,3,4,4,Loyal
13513,127,3,824.59,3,3,3,Loyal
16302,127,1,233.22,3,1,1,Need attention
17457,127,14,5984.81,3,5,5,Loyal
13082,127,21,7335.75,3,5,5,Loyal
17400,127,8,4623.28,3,5,5,Loyal
16174,127,7,2246.75,3,4,4,Loyal
14079,125,1,375.1,3,1,2,Need attention
13248,125,2,465.68,3,2,2,Need attention
13752,125,7,1579.83,3,4,4,Loyal
14053,125,4,572.3,3,3,2,Loyal
14331,125,2,462.66,3,2,2,Need attention
17085,124,28,7839.27,3,5,5,Loyal
13869,124,10,7996.87,3,5,5,Loyal
15985,124,7,2715.28,3,4,4,Loyal
16788,124,5,1927.28,3,4,4,Loyal
17331,124,1,175.2,3,1,1,Need attention
13217,123,4,666.48,3,3,3,Loyal
15247,123,3,976.06,3,3,3,Loyal
18248,123,2,804.02,3,2,3,Need attention
13280,123,7,2293.33,3,4,4,Loyal
14127,123,6,1900.08,3,4,4,Loyal
13355,123,1,674.7,3,2,3,Need attention
13162,123,16,9275.49,3,5,5,Loyal
17994,122,11,2264.03,3,5,4,Loyal
14024,122,3,645.74,3,3,3,Loyal
16292,122,5,1253.76,3,4,4,Loyal
14346,121,5,2315.75,3,4,4,Loyal
13307,121,3,273.34,3,3,1,Loyal
17248,121,2,500.54,3,3,2,Loyal
13645,121,1,252.1,3,1,1,Need attention
13873,120,8,1038.92,3,4,3,Loyal
15192,120,5,1666.39,3,4,4,Loyal
13888,120,7,2001.59,3,4,4,Loyal
16045,120,8,3434.93,3,4,5,Loyal
12399,120,7,1842.3,3,4,4,Loyal
16317,120,5,2192.51,3,4,4,Loyal
14855,120,7,6520.3,3,4,5,Loyal
14406,120,1,156.75,3,1,1,Need attention
17122,120,4,570.5,3,3,2,Loyal
17642,120,5,1824.49,3,4,4,Loyal
15689,120,3,521.03,3,3,2,Loyal
17048,118,7,2071.68,3,4,4,Loyal
14301,118,4,1992.18,3,4,4,Loyal
15683,118,2,524.54,3,2,2,Need attention
15480,117,3,3592.25,3,3,5,Loyal
16961,117,3,794.56,3,3,3,Loyal
16272,117,1,411.7,3,1,2,Need attention
18143,117,2,1000.16,3,2,3,Need attention
13720,117,4,799.9,3,4,3,Loyal
13621,117,1,213.85,3,1,1,Need attention
17958,117,2,973.88,3,3,3,Loyal
12758,117,7,9903.24,3,4,5,Loyal
16902,117,1,1706.88,3,1,4,Need attention
17252,117,2,348.91,3,3,2,Loyal
15624,117,4,588.13,3,3,2,Loyal
13799,117,9,2803.57,3,5,4,Loyal
16927,116,3,543.05,3,3,2,Loyal
15002,116,9,4138.08,3,5,5,Loyal
15768,116,34,15308.89,3,5,5,Loyal
14006,116,7,2196.67,3,4,4,Loyal
14918,116,9,5955.81,3,5,5,Loyal
12641,116,1,145.9,3,1,1,Need attention
15734,115,4,2263.3,3,3,4,Loyal
15122,115,11,4487.27,3,5,5,Loyal
17398,115,3,653.38,3,3,3,Loyal
15541,115,1,85.13,3,2,1,Need attention
16755,115,7,2864.68,3,4,4,Loyal
18073,115,12,3859.82,3,5,5,Loyal
13655,115,6,2280.51,3,4,4,Loyal
14323,115,2,605.06,3,2,3,Need attention
17070,115,2,437.42,3,2,2,Need attention
16092,115,6,1587.94,3,4,4,Loyal
17045,114,5,827.68,3,4,3,Loyal
17742,114,11,2098.48,3,5,4,Loyal
15472,114,1,371.56,3,1,2,Need attention
15797,114,5,2806.08,3,4,4,Loyal
13273,114,1,138.98,3,1,1,Need attention
15232,114,2,612.06,3,2,3,Need attention
12729,114,1,417.01,3,1,2,Need attention
16582,114,1,313.62,3,1,2,Need attention
13027,114,19,17239.2,3,5,5,Loyal
12688,114,1,4873.81,3,2,5,Need attention
14772,113,1,139.26,3,1,1,Need attention
16828,113,1,113.5,3,1,1,Need attention
15396,113,2,796.38,3,2,3,Need attention
14745,113,12,2551.41,3,5,4,Loyal
15938,113,9,734.81,3,5,3,Loyal
12968,113,1,135.95,3,1,1,Need attention
17747,113,1,71.4,3,2,1,Need attention
13242,113,7,699.4,3,4,3,Loyal
16419,113,8,1463.7,3,5,4,Loyal
12418,113,4,2021.2,3,4,4,Loyal
12513,113,1,558.29,3,2,2,Need attention
14013,111,5,1084.57,3,4,3,Loyal
14246,111,3,1474.06,3,3,4,Loyal
14566,111,4,4092.0,3,4,5,Loyal
14460,111,9,1093.5,3,5,3,Loyal
15313,111,1,52.0,3,2,1,Need attention
16536,111,1,548.12,3,2,2,Need attention
17029,111,7,2137.3,3,4,4,Loyal
14224,111,9,1841.71,3,5,4,Loyal
14045,110,16,10986.63,3,5,5,Loyal
13933,110,2,608.79,3,2,3,Need attention
17585,110,7,2064.71,3,4,4,Loyal
12363,110,2,552.0,3,2,2,Need attention
17083,110,9,4049.79,3,5,5,Loyal
16952,110,5,795.83,3,4,3,Loyal
14265,110,4,1373.35,3,4,4,Loyal
17242,109,5,2889.28,3,4,5,Loyal
13140,109,5,1054.92,3,4,3,Loyal
16550,109,18,8807.68,3,5,5,Loyal
14930,109,6,5236.73,3,4,5,Loyal
14364,109,8,3717.35,3,4,5,Loyal
13593,109,14,5493.29,3,5,5,Loyal
18018,109,4,297.99,3,4,2,Loyal
12593,109,3,382.1,3,3,2,Loyal
13425,109,5,3390.43,3,4,5,Loyal
14523,109,1,241.09,3,1,1,Need attention
14407,108,5,2142.73,3,4,4,Loyal
16340,108,3,1496.24,3,3,4,Loyal
17268,108,11,1733.89,3,5,4,Loyal
17256,108,5,498.93,3,4,2,Loyal
12649,108,8,2096.65,3,4,4,Loyal
17869,108,7,813.64,3,4,3,Loyal
14875,108,3,2862.4,3,3,4,Loyal
15812,108,12,5201.47,3,5,5,Loyal
14973,108,3,1314.45,3,3,4,Loyal
15800,108,7,1227.07,3,4,4,Loyal
13411,108,1,213.55,3,1,1,Need attention
18200,107,1,150.35,3,1,1,Need attention
15263,107,1,156.51,3,1,1,Need attention
16503,107,11,3614.34,3,5,5,Loyal
12715,107,1,263.36,3,1,1,Need attention
16429,107,1,284.55,3,1,1,Need attention
16093,107,1,17.0,3,2,1,Need attention
17134,107,3,625.3,3,3,3,Loyal
14314,107,2,229.8,3,2,1,Need attention
17844,107,1,51.56,3,2,1,Need attention
13000,107,4,1032.5,3,3,3,Loyal
17189,107,5,953.63,3,4,3,Loyal
14055,107,3,1520.96,3,3,4,Loyal
14687,107,3,1402.06,3,3,4,Loyal
16309,107,2,706.57,3,2,3,Need attention
14196,107,1,335.52,3,1,2,Need attention
15663,107,1,138.14,3,1,1,Need attention
12624,107,2,569.13,3,2,2,Need attention
15641,106,12,5345.55,3,5,5,Loyal
15074,106,3,1553.13,3,3,4,Loyal
17146,106,13,5852.64,3,5,5,Loyal
16641,106,2,554.5,3,2,2,Need attention
13489,106,4,449.52,3,3,2,Loyal
13003,106,3,149.05,3,3,1,Loyal
14210,106,16,5556.57,3,5,5,Loyal
13778,104,4,1124.49,3,3,3,Loyal
16816,104,4,417.06,3,3,2,Loyal
15095,104,10,3141.64,3,5,5,Loyal
16806,104,4,736.21,3,4,3,Loyal
15325,104,8,1601.46,3,5,4,Loyal
15625,104,9,3236.4,3,5,5,Loyal
14472,104,9,2118.72,3,5,4,Loyal
13301,104,4,600.19,3,3,2,Loyal
15569,104,10,3583.45,3,5,5,Loyal
14078,102,9,1551.82,3,5,4,Loyal
15866,102,1,211.89,3,1,1,Need attention
12814,102,1,85.92,3,2,1,Need attention
17298,102,5,938.36,3,4,3,Loyal
17320,101,6,2444.85,3,4,4,Loyal
15596,101,9,2727.72,3,5,4,Loyal
16083,101,4,2351.42,3,3,4,Loyal
16278,101,3,1117.84,3,3,3,Loyal
14513,101,6,788.01,3,4,3,Loyal
16180,101,13,16249.87,3,5,5,Loyal
17588,101,7,2939.55,3,4,5,Loyal
16842,101,3,1264.19,3,3,4,Loyal
15260,101,25,8767.73,3,5,5,Loyal
16780,101,3,596.4,3,3,2,Loyal
14420,100,4,1639.17,3,3,4,Loyal
16456,100,13,6000.94,3,5,5,Loyal
16808,100,2,288.42,3,2,2,Need attention
13470,100,2,165.0,3,2,1,Need attention
15829,100,2,636.14,3,2,3,Need attention
13099,100,1,207.36,3,1,1,Need attention
13631,100,11,3070.42,3,5,5,Loyal
12739,100,2,2421.23,3,2,4,Need attention
12436,100,1,429.01,3,2,2,Need attention
13376,100,3,869.76,3,3,3,Loyal
13045,100,3,808.92,3,3,3,Loyal
14436,99,2,271.7,3,2,1,Need attention
14463,99,4,786.57,3,4,3,Loyal
14171,99,2,498.79,3,3,2,Loyal
18027,99,1,115.31,3,1,1,Need attention
14276,99,7,2102.68,3,4,4,Loyal
16761,97,1,316.62,3,1,2,Need attention
17229,97,2,318.76,3,3,2,Loyal
13548,97,3,901.44,3,3,3,Loyal
17722,97,5,3520.22,3,4,5,Loyal
13240,97,8,1455.39,3,5,4,Loyal
17774,97,9,3272.83,3,5,5,Loyal
17050,97,10,4348.46,3,5,5,Loyal
12710,97,3,1023.02,3,3,3,Loyal
12851,97,2,280.76,3,2,1,Need attention
14965,97,2,596.09,3,2,2,Need attention
15307,96,1,205.3,3,1,1,Need attention
13931,96,11,5257.38,3,5,5,Loyal
13851,96,8,4606.46,3,5,5,Loyal
15364,96,2,913.19,3,3,3,Loyal
12616,96,3,1023.1,3,3,3,Loyal
13744,96,2,1080.52,3,2,3,Need attention
13748,96,9,2064.35,3,5,4,Loyal
16820,96,1,497.61,3,2,2,Need attention
16172,96,8,1884.55,3,4,4,Loyal
17309,96,3,320.39,3,3,2,Loyal
12816,96,2,452.2,3,2,2,Need attention
16551,96,7,2237.12,3,4,4,Loyal
15491,96,6,3100.09,3,4,5,Loyal
18196,96,4,1455.27,3,3,4,Loyal
12422,96,12,3639.35,3,5,5,Loyal
13192,96,6,2558.58,3,4,4,Loyal
14565,96,5,3709.22,3,4,5,Loyal
12502,96,5,2995.87,3,4,5,Loyal
16175,95,7,1836.44,3,4,4,Loyal
17339,95,3,302.36,3,3,2,Loyal
17460,95,16,2157.97,3,5,4,Loyal
14208,95,2,567.05,3,2,2,Need attention
13130,95,1,64.0,3,2,1,Need attention
13122,95,2,922.39,3,3,3,Loyal
15462,95,4,737.05,3,4,3,Loyal
16400,95,9,3059.85,3,5,5,Loyal
17560,95,8,1895.8,3,4,4,Loyal
13158,95,5,1508.18,3,4,4,Loyal
18093,94,8,4452.71,3,4,5,Loyal
15071,94,4,1455.56,3,3,4,Loyal
15885,94,13,1921.82,3,5,4,Loyal
13210,94,1,353.48,3,1,2,Need attention
18222,93,1,443.0,3,2,2,Need attention
15198,93,5,571.35,3,4,2,Loyal
13889,93,6,1991.23,3,4,4,Loyal
15653,93,2,877.44,3,3,3,Loyal
13814,93,3,2257.32,3,3,4,Loyal
13249,93,9,1608.93,3,5,4,Loyal
13244,93,1,121.74,3,1,1,Need attention
14410,93,11,2630.9,3,5,4,Loyal
14223,93,3,991.13,3,3,3,Loyal
13330,93,6,2796.1,3,4,4,Loyal
13848,93,8,3015.0,3,4,5,Loyal
15488,93,5,431.92,3,4,2,Loyal
15400,93,8,1302.3,3,4,4,Loyal
13925,93,4,678.25,3,3,3,Loyal
16031,93,2,547.9,3,2,2,Need attention
12592,93,4,1723.64,3,3,4,Loyal
14414,92,8,2399.33,3,4,4,Loyal
16723,92,4,1231.36,3,4,4,Loyal
15652,92,5,1405.94,3,4,4,Loyal
14628,92,5,1998.0,3,4,4,Loyal
14915,92,11,1811.25,3,5,4,Loyal
13441,92,2,720.9,3,2,3,Need attention
16027,92,15,2048.36,3,5,4,Loyal
12535,92,2,716.35,3,2,3,Need attention
12635,90,4,2624.41,3,3,4,Loyal
14837,90,9,3460.32,3,5,5,Loyal
16796,90,1,305.62,3,1,2,Need attention
14212,90,2,2190.14,3,2,4,Need attention
12965,90,1,769.81,3,2,3,Need attention
13124,90,4,4641.66,3,3,5,Loyal
16384,90,4,1358.95,3,3,4,Loyal
13611,90,10,3297.93,3,5,5,Loyal
15939,90,15,9004.84,3,5,5,Loyal
13372,90,1,328.64,3,1,2,Need attention
18255,90,2,303.15,3,3,2,Loyal
15636,90,4,1444.58,3,3,4,Loyal
18215,90,5,2232.49,3,4,4,Loyal
15035,90,1,252.73,3,1,1,Need attention
15673,89,9,6204.32,3,5,5,Loyal
16984,89,9,10350.53,3,5,5,Loyal
16475,89,4,544.3,3,3,2,Loyal
17433,89,2,569.96,3,2,2,Need attention
15980,89,7,6543.68,3,4,5,Loyal
16209,89,9,4146.78,3,5,5,Loyal
14307,89,10,4287.92,3,5,5,Loyal
17919,89,2,1840.32,3,2,4,Need attention
13375,89,2,1792.23,3,2,4,Need attention
12924,89,12,2461.45,3,5,4,Loyal
14500,89,3,356.85,3,3,2,Loyal
12884,89,1,309.05,3,1,2,Need attention
15764,89,8,4503.08,3,4,5,Loyal
15996,89,7,1386.4,3,4,4,Loyal
16141,89,2,955.94,3,3,3,Loyal
16211,89,3,1090.59,3,3,3,Loyal
17037,88,1,1267.32,3,2,4,Need attention
15201,88,7,1842.95,3,4,4,Loyal
16959,88,1,117.35,3,1,1,Need attention
16036,88,4,2556.84,3,3,4,Loyal
16098,88,14,4010.7,3,5,5,Loyal
14163,88,5,2594.62,3,4,4,Loyal
15216,88,2,486.09,3,3,2,Loyal
14753,88,2,869.51,3,3,3,Loyal
16229,88,6,2867.86,3,4,4,Loyal
16451,88,3,1013.15,3,3,3,Loyal
15343,88,1,364.5,3,1,2,Need attention
18251,88,9,26278.86,3,5,5,Loyal
12566,87,1,297.65,3,1,2,Need attention
13877,87,3,449.68,3,3,2,Loyal
12756,87,1,112.08,3,1,1,Need attention
17033,87,4,1332.79,3,4,4,Loyal
17640,87,6,3168.94,3,4,5,Loyal
14177,87,13,2209.69,3,5,4,Loyal
17347,87,1,228.96,3,1,1,Need attention
18173,87,5,2696.36,3,4,4,Loyal
16745,87,17,7180.7,3,5,5,Loyal
14660,87,2,285.74,3,2,2,Need attention
15417,86,1,508.8,3,2,2,Need attention
17002,86,7,2571.55,3,4,4,Loyal
13539,86,7,1569.36,3,4,4,Loyal
17786,86,2,266.85,3,2,1,Need attention
13134,86,6,2475.23,3,4,4,Loyal
17047,86,6,2289.23,3,4,4,Loyal
15205,86,2,653.24,3,2,3,Need attention
12995,86,1,211.32,3,1,1,Need attention
12722,86,4,979.63,3,4,3,Loyal
13662,86,11,2233.61,3,5,4,Loyal
15322,86,2,1390.86,3,2,4,Need attention
17898,86,4,299.18,3,4,2,Loyal
14894,86,3,1492.81,3,3,4,Loyal
14557,86,1,788.38,3,2,3,Need attention
13518,86,1,627.16,3,2,3,Need attention
17594,86,4,2497.88,3,3,4,Loyal
15466,86,4,1560.46,3,3,4,Loyal
17333,86,1,494.25,3,2,2,Need attention
15975,85,1,371.01,3,1,2,Need attention
16108,85,4,2235.92,3,3,4,Loyal
16709,85,14,9056.01,3,5,5,Loyal
16878,85,1,13.3,3,2,1,Need attention
15523,85,16,17259.19,3,5,5,Loyal
16573,85,2,663.61,3,2,3,Need attention
14124,85,1,419.58,3,1,2,Need attention
15099,85,1,410.48,3,1,2,Need attention
13563,85,2,777.53,3,2,3,Need attention
12871,85,3,744.02,3,3,3,Loyal
12434,85,3,1103.43,3,3,3,Loyal
13141,85,17,7656.08,3,5,5,Loyal
15410,85,10,4685.72,3,5,5,Loyal
17802,83,10,4946.22,3,5,5,Loyal
18194,83,6,4162.04,3,4,5,Loyal
13067,83,3,508.51,3,3,2,Loyal
15947,83,1,1708.24,3,1,4,Need attention
13334,83,5,6201.8,3,4,5,Loyal
16370,83,4,1301.91,3,3,4,Loyal
12379,82,4,1470.22,3,3,4,Loyal
18232,82,4,592.97,3,3,2,Loyal
14934,82,5,3403.5,3,4,5,Loyal
13562,82,8,4838.18,3,5,5,Loyal
12497,82,3,5996.5,3,3,5,Loyal
12752,82,1,4366.78,3,2,5,Need attention
15504,82,4,391.45,3,3,2,Loyal
13774,82,1,345.0,3,1,2,Need attention
18094,82,13,6391.52,3,5,5,Loyal
18017,82,4,688.0,3,3,3,Loyal
12527,82,5,717.51,3,4,3,Loyal
13228,82,1,358.0,3,1,2,Need attention
13325,82,1,675.3,3,2,3,Need attention
15675,82,4,542.04,3,3,2,Loyal
17628,82,1,75.75,3,2,1,Need attention
16906,82,7,1410.07,3,4,4,Loyal
16527,82,2,1232.94,3,3,4,Loyal
17058,82,3,1179.89,3,3,3,Loyal
17848,82,30,3538.46,3,5,5,Loyal
16080,82,4,602.56,3,3,2,Loyal
17873,81,18,6135.95,3,5,5,Loyal
16777,81,5,1292.18,3,4,4,Loyal
15888,81,3,423.49,3,3,2,Loyal
13356,81,1,768.24,3,2,3,Need attention
16928,81,26,3798.08,3,5,5,Loyal
14236,81,5,1555.34,3,4,4,Loyal
16215,81,1,242.35,3,1,1,Need attention
15341,81,2,2402.72,3,2,4,Need attention
16584,81,5,3156.17,3,4,5,Loyal
15026,81,5,1044.09,3,4,3,Loyal
13038,81,3,908.46,3,3,3,Loyal
16624,81,2,810.57,3,2,3,Need attention
12520,80,5,2346.26,3,4,4,Loyal
12701,80,6,2248.41,3,4,4,Loyal
16493,80,7,2132.09,3,4,4,Loyal
13959,80,6,1064.77,3,4,3,Loyal
17731,80,6,1708.99,3,4,4,Loyal
13946,80,6,1876.23,3,4,4,Loyal
17415,80,1,507.84,3,2,2,Need attention
12604,80,2,236.18,3,2,1,Need attention
12435,80,6,13925.93,3,4,5,Loyal
14356,80,2,701.23,3,2,3,Need attention
14951,80,1,311.69,3,1,2,Need attention
17475,80,1,194.37,3,1,1,Need attention
14887,80,1,1862.0,3,2,4,Need attention
12550,80,1,824.83,3,2,3,Need attention
12390,80,1,504.84,3,2,2,Need attention
16627,80,1,322.8,3,1,2,Need attention
13908,80,4,2319.55,3,3,4,Loyal
17603,79,4,1788.38,3,3,4,Loyal
15810,79,8,2999.04,3,4,5,Loyal
12425,79,2,1741.41,3,2,4,Need attention
17311,79,6,3566.56,3,4,5,Loyal
12579,79,1,386.42,3,1,2,Need attention
13529,79,2,307.76,3,3,2,Loyal
14147,79,9,2590.2,3,5,4,Loyal
14854,79,11,4303.06,3,5,5,Loyal
17027,79,9,1310.63,3,5,4,Loyal
17172,79,3,956.57,3,3,3,Loyal
12930,79,2,415.8,3,2,2,Need attention
13055,79,4,2321.11,3,3,4,Loyal
12409,79,7,23419.29,3,4,5,Loyal
15603,79,2,88.48,3,2,1,Need attention
12609,79,9,3021.86,3,5,5,Loyal
12854,79,7,2970.97,3,4,5,Loyal
13220,79,5,1336.09,3,4,4,Loyal
16236,79,1,432.2,3,2,2,Need attention
13519,79,2,343.21,3,3,2,Loyal
16715,79,2,625.52,3,2,3,Need attention
14038,79,5,3069.88,3,4,5,Loyal
16735,79,14,6217.41,3,5,5,Loyal
15067,79,5,3862.88,3,4,5,Loyal
16213,79,1,159.0,3,1,1,Need attention
17079,79,1,118.8,3,1,1,Need attention
13486,79,3,1122.41,3,3,3,Loyal
13279,79,1,137.75,3,1,1,Need attention
13320,79,6,2211.6,3,4,4,Loyal
15744,78,1,34.8,3,2,1,Need attention
13336,78,1,795.12,3,2,3,Need attention
16978,78,3,768.88,3,3,3,Loyal
14880,78,3,690.59,3,3,3,Loyal
15549,78,8,2330.41,3,4,4,Loyal
12516,78,4,2288.62,3,3,4,Loyal
15978,78,3,3279.42,3,3,5,Loyal
14014,78,3,1948.21,3,3,4,Loyal
17388,78,11,2675.37,3,5,4,Loyal
16485,78,5,2287.19,3,4,4,Loyal
16872,78,6,1213.13,3,4,4,Loyal
18189,78,3,1403.73,3,3,4,Loyal
15475,78,1,454.11,3,2,2,Need attention
17480,78,2,882.23,3,3,3,Loyal
13127,78,1,259.17,3,1,1,Need attention
15075,78,1,773.03,3,2,3,Need attention
14652,78,1,114.18,3,1,1,Need attention
16689,76,2,422.6,3,2,2,Need attention
15312,76,12,2930.19,3,5,5,Loyal
18066,76,3,1440.4,3,3,4,Loyal
12348,76,5,1658.4,3,4,4,Loyal
12545,76,2,832.39,3,2,3,Need attention
14806,76,2,303.43,3,3,2,Loyal
17498,76,1,272.22,3,1,1,Need attention
16198,76,2,1030.04,3,2,3,Need attention
15366,76,7,2389.08,3,4,4,Loyal
15799,76,4,1421.34,3,3,4,Loyal
13670,76,1,349.7,3,1,2,Need attention
16594,76,1,181.09,3,1,1,Need attention
16480,76,1,769.29,3,2,3,Need attention
15154,76,3,1343.72,3,3,4,Loyal
14757,76,1,420.5,3,1,2,Need attention
14152,76,7,1997.34,3,4,4,Loyal
14235,76,9,4717.99,3,5,5,Loyal
13787,76,6,1222.5,3,4,4,Loyal
16342,76,4,322.41,3,4,2,Loyal
17506,76,1,302.2,3,1,2,Need attention
14561,76,3,1080.76,3,3,3,Loyal
17154,76,1,329.34,3,1,2,Need attention
18155,76,3,371.62,3,3,2,Loyal
12612,75,1,668.04,3,2,3,Need attention
13927,75,2,708.26,3,2,3,Need attention
16778,75,2,245.94,3,2,1,Need attention
13434,75,5,1666.86,3,4,4,Loyal
13390,75,1,544.08,3,2,2,Need attention
16603,75,2,482.47,3,2,2,Need attention
12412,75,6,2404.93,3,4,4,Loyal
14908,75,2,381.9,3,2,2,Need attention
13233,75,4,1176.46,3,3,3,Loyal
17997,75,8,1962.46,3,4,4,Loyal
17674,75,2,551.04,3,2,2,Need attention
13866,75,1,145.67,3,1,1,Need attention
16468,75,3,787.52,3,3,3,Loyal
15626,75,3,1067.52,3,3,3,Loyal
15243,75,2,927.28,3,3,3,Loyal
14473,75,2,234.34,3,2,1,Need attention
16383,75,7,2887.99,3,4,4,Loyal
15958,75,4,462.12,3,3,2,Loyal
13639,75,2,1346.27,3,3,4,Loyal
12823,75,18,6501.5,3,5,5,Loyal
16181,74,1,305.54,3,1,2,Need attention
14101,74,13,9961.93,3,5,5,Loyal
15827,74,28,3603.14,3,5,5,Loyal
17805,74,2,927.03,3,3,3,Loyal
12455,74,9,5722.95,3,5,5,Loyal
16462,74,3,136.0,3,3,1,Loyal
18278,74,2,414.2,3,2,2,Need attention
13035,74,3,1364.2,3,3,4,Loyal
14272,74,4,920.81,3,4,3,Loyal
17656,74,5,1674.69,3,4,4,Loyal
14818,74,6,1153.56,3,4,3,Loyal
16266,74,14,1757.95,3,5,4,Loyal
13555,74,13,8891.84,3,5,5,Loyal
17591,74,8,2339.32,3,4,4,Loyal
15674,74,12,6613.52,3,5,5,Loyal
16629,74,2,408.63,3,2,2,Need attention
17788,74,2,1112.95,3,2,3,Need attention
13979,74,7,3373.63,3,4,5,Loyal
16122,74,6,895.62,3,4,3,Loyal
17061,74,11,5232.23,3,5,5,Loyal
13514,74,4,815.9,3,4,3,Loyal
13016,74,3,789.89,3,3,3,Loyal
12987,74,5,1312.21,3,4,4,Loyal
14609,73,10,1486.2,3,5,4,Loyal
17513,73,3,1158.8,3,3,3,Loyal
15841,73,9,2742.41,3,5,4,Loyal
15036,73,3,429.56,3,3,2,Loyal
13061,73,1,248.61,3,1,1,Need attention
17783,73,3,376.96,3,3,2,Loyal
13321,73,2,567.36,3,2,2,Need attention
16182,73,9,9971.65,3,5,5,Loyal
13505,73,4,3633.63,3,4,5,Loyal
15348,73,1,158.04,3,1,1,Need attention
13515,73,6,1265.82,3,4,4,Loyal
18242,73,8,3605.21,3,4,5,Loyal
16281,73,3,3424.02,3,3,5,Loyal
13397,73,10,3191.87,3,5,5,Loyal
14109,73,1,144.2,3,1,1,Need attention
16909,73,1,379.14,3,1,2,Need attention
12393,73,6,2399.45,3,4,4,Loyal
16681,73,7,1921.84,3,4,4,Loyal
13901,73,15,5676.34,3,5,5,Loyal
14947,73,6,1049.79,3,4,3,Loyal
17370,73,4,446.18,3,3,2,Loyal
18265,73,2,801.51,3,2,3,Need attention
16321,73,7,604.55,3,4,3,Loyal
14978,73,10,3112.19,3,5,5,Loyal
17950,73,7,1166.29,3,4,3,Loyal
16690,73,4,353.03,3,4,2,Loyal
14305,72,3,1858.96,3,3,4,Loyal
18192,72,1,957.97,3,2,3,Need attention
12458,72,4,1502.49,3,3,4,Loyal
13741,72,3,668.43,3,3,3,Loyal
16650,72,7,1916.11,3,4,4,Loyal
13354,72,1,743.53,3,2,3,Need attention
12372,72,3,1196.04,3,3,3,Loyal
15030,72,8,1979.91,3,4,4,Loyal
13503,72,5,1778.04,3,4,4,Loyal
18235,72,3,1796.48,3,3,4,Loyal
16268,72,2,617.65,3,2,3,Need attention
12703,72,4,898.53,3,4,3,Loyal
14409,72,9,3427.29,3,5,5,Loyal
12718,72,1,202.25,3,1,1,Need attention
18204,72,3,1975.35,3,3,4,Loyal
17724,72,3,1033.0,3,3,3,Loyal
13886,72,1,243.56,3,1,1,Need attention
17905,72,13,2168.37,3,5,4,Loyal
17427,72,1,100.8,3,1,1,Need attention
17894,72,18,2304.16,3,5,4,Loyal
12728,72,5,926.17,3,4,3,Loyal
15175,72,1,224.14,3,1,1,Need attention
16574,72,3,1301.78,3,3,4,Loyal
13364,72,1,134.96,3,1,1,Need attention
16589,72,4,612.36,3,3,3,Loyal
14681,72,6,875.15,3,4,3,Loyal
17819,72,12,6021.05,3,5,5,Loyal
16233,72,9,1818.31,3,5,4,Loyal
14475,72,4,1151.15,3,3,3,Loyal
17572,72,10,652.21,3,5,3,Loyal
15062,72,8,2585.62,3,4,4,Loyal
14916,71,8,3042.95,3,4,5,Loyal
16404,71,1,443.05,3,2,2,Need attention
18008,71,23,19759.08,3,5,5,Loyal
15834,71,7,3761.89,3,4,5,Loyal
16101,71,4,3229.16,3,4,5,Loyal
15185,71,1,310.62,3,1,2,Need attention
15321,71,12,6709.73,3,5,5,Loyal
12694,71,3,1663.35,3,3,4,Loyal
13764,71,6,2908.67,3,4,5,Loyal
14164,71,2,1631.77,3,2,4,Need attention
15593,71,1,199.8,3,1,1,Need attention
13347,71,1,291.36,3,1,2,Need attention
13095,71,1,74.4,3,2,1,Need attention
12822,71,2,948.88,3,3,3,Loyal
12842,71,4,1917.99,3,3,4,Loyal
18053,71,3,571.07,3,3,2,Loyal
16613,71,1,618.59,3,2,3,Need attention
17376,71,4,453.64,3,3,2,Loyal
13972,71,2,190.25,3,2,1,Need attention
13092,71,12,2140.28,3,5,4,Loyal
15164,69,9,2028.11,3,5,4,Loyal
15774,69,6,1287.09,3,4,4,Loyal
14970,69,12,4919.35,3,5,5,Loyal
16591,69,1,213.5,3,1,1,Need attention
15579,69,5,1250.63,3,4,4,Loyal
16693,69,5,1179.48,3,4,3,Loyal
16667,69,2,567.18,3,2,2,Need attention
16441,68,5,1013.18,3,4,3,Loyal
14193,68,3,1210.19,3,3,4,Loyal
12637,68,12,8085.81,3,5,5,Loyal
13344,68,3,2511.69,3,3,4,Loyal
13635,68,4,2999.16,3,4,5,Loyal
16183,68,4,1077.81,3,3,3,Loyal
16875,68,11,4234.53,3,5,5,Loyal
16774,68,8,1567.48,3,5,4,Loyal
14488,68,1,1064.28,3,2,3,Need attention
15930,68,1,426.63,3,1,2,Need attention
15299,68,9,5556.53,3,5,5,Loyal
15091,68,3,1046.61,3,3,3,Loyal
13431,68,8,3316.24,3,4,5,Loyal
12886,68,2,1378.4,3,3,4,Loyal
14644,68,7,2247.72,3,4,4,Loyal
14333,68,1,415.2,3,1,2,Need attention
18116,68,13,2130.89,3,5,4,Loyal
14651,68,9,2025.52,3,5,4,Loyal
16374,67,5,1709.55,3,4,4,Loyal
15276,67,4,619.8,3,3,3,Loyal
17957,67,1,110.72,3,1,1,Need attention
14462,67,12,2237.81,3,5,4,Loyal
15228,67,6,5580.27,3,4,5,Loyal
15255,67,9,3706.02,3,5,5,Loyal
15181,67,5,1200.2,3,4,3,Loyal
16253,67,7,7222.2,3,4,5,Loyal
13801,67,1,324.8,3,1,2,Need attention
15739,67,1,449.12,3,2,2,Need attention
14184,67,1,452.89,3,2,2,Need attention
13351,67,1,323.94,3,1,2,Need attention
15339,67,7,1821.02,3,4,4,Loyal
17667,67,9,3950.7,3,5,5,Loyal
16556,67,17,8012.58,3,5,5,Loyal
12457,67,7,2555.91,3,4,4,Loyal
12413,67,4,871.45,3,4,3,Loyal
12512,67,2,132.18,3,2,1,Need attention
16882,67,3,705.12,3,3,3,Loyal
13552,67,22,6948.92,3,5,5,Loyal
13317,67,19,6486.09,3,5,5,Loyal
15241,67,11,3050.16,3,5,5,Loyal
16881,67,1,432.0,3,2,2,Need attention
13792,67,3,383.95,3,3,2,Loyal
15730,66,5,1726.58,3,4,4,Loyal
15127,66,2,711.5,3,2,3,Need attention
13947,66,1,90.6,3,1,1,Need attention
12789,66,3,225.35,3,3,1,Loyal
15244,66,3,912.08,3,3,3,Loyal
17647,66,3,331.66,3,3,2,Loyal
16059,66,12,3053.57,3,5,5,Loyal
15762,66,2,583.75,3,2,2,Need attention
14054,66,1,92.46,3,1,1,Need attention
16160,66,2,1025.44,3,2,3,Need attention
16140,66,3,1433.46,3,3,4,Loyal
15048,66,4,381.0,3,3,2,Loyal
17483,66,4,591.73,3,3,2,Loyal
16758,66,1,369.34,3,1,2,Need attention
16803,66,1,332.3,3,1,2,Need attention
18033,66,1,93.82,3,1,1,Need attention
14389,66,5,1898.01,3,4,4,Loyal
13989,66,5,2026.06,3,4,4,Loyal
12843,66,28,6461.87,3,5,5,Loyal
17222,66,6,1563.61,3,4,4,Loyal
13483,66,1,140.34,3,1,1,Need attention
17382,66,8,902.28,3,4,3,Loyal
15757,66,6,2940.36,3,4,5,Loyal
16106,66,1,108.38,3,1,1,Need attention
16040,66,7,2416.9,3,4,4,Loyal
14396,66,7,1969.38,3,4,4,Loyal
15315,65,2,570.5,3,2,2,Need attention
16895,65,5,1102.9,3,4,3,Loyal
13845,65,1,312.98,3,1,2,Need attention
13591,65,7,2093.94,3,4,4,Loyal
14257,65,9,5954.45,3,5,5,Loyal
17921,65,10,2394.36,3,5,4,Loyal
14959,65,4,695.42,3,3,3,Loyal
12939,65,20,25264.8,3,5,5,Loyal
13504,65,1,295.93,3,1,2,Need attention
13023,65,3,1251.03,3,3,4,Loyal
12923,65,3,769.17,3,3,3,Loyal
14819,65,4,456.41,3,3,2,Loyal
16454,65,2,7.45,3,2,1,Need attention
14538,65,5,1370.84,3,4,4,Loyal
15300,65,1,496.44,3,2,2,Need attention
15306,65,9,3484.73,3,5,5,Loyal
15518,65,15,4189.99,3,5,5,Loyal
13771,65,9,5728.82,3,5,5,Loyal
13422,65,1,2626.3,3,2,4,Need attention
16432,65,1,287.4,3,1,2,Need attention
16316,65,13,5744.91,3,5,5,Loyal
15416,65,7,4572.82,3,4,5,Loyal
14518,65,1,174.37,3,1,1,Need attention
14317,65,1,508.58,3,2,2,Need attention
13049,65,4,1408.24,3,3,4,Loyal
15937,65,1,145.35,3,1,1,Need attention
13177,65,2,512.2,3,2,2,Need attention
15837,65,2,777.01,3,2,3,Need attention
16184,65,6,1158.79,3,4,3,Loyal
13348,65,1,233.76,3,1,1,Need attention
15264,65,2,848.4,3,2,3,Need attention
15766,65,3,831.06,3,3,3,Loyal
13602,65,4,1025.17,3,3,3,Loyal
13806,64,1,256.38,3,1,1,Need attention
13876,64,1,122.7,3,1,1,Need attention
13169,64,3,840.08,3,3,3,Loyal
13763,64,3,5217.44,3,3,5,Loyal
14792,64,1,6.2,3,1,1,Need attention
14067,64,2,374.7,3,2,2,Need attention
17030,64,1,146.87,3,1,1,Need attention
13587,64,4,1673.5,3,3,4,Loyal
12492,64,3,607.21,3,3,3,Loyal
12394,64,2,1080.48,3,2,3,Need attention
14844,64,10,6702.43,3,5,5,Loyal
15874,64,21,11284.76,3,5,5,Loyal
16477,64,11,4094.37,3,5,5,Loyal
16354,64,5,1119.46,3,4,3,Loyal
13419,64,1,221.06,3,1,1,Need attention
14029,64,2,467.66,3,2,2,Need attention
12420,64,1,600.39,3,2,2,Need attention
13359,64,2,943.31,3,3,3,Loyal
12781,64,2,786.74,3,2,3,Need attention
18136,64,5,1631.36,3,4,4,Loyal
13689,64,2,1259.5,3,3,4,Loyal
16455,64,11,3995.57,3,5,5,Loyal
12519,64,2,626.54,3,2,3,Need attention
15706,64,4,1060.56,3,3,3,Loyal
13276,64,5,1891.91,3,4,4,Loyal
15815,64,5,2100.6,3,4,4,Loyal
12740,64,1,427.6,3,2,2,Need attention
12885,64,3,1175.22,3,3,3,Loyal
15606,62,17,5230.99,3,5,5,Loyal
16518,62,4,959.37,3,4,3,Loyal
14514,62,9,4380.04,3,5,5,Loyal
13259,62,9,1398.79,3,5,4,Loyal
16248,62,1,152.94,3,1,1,Need attention
14801,62,1,189.34,3,1,1,Need attention
13260,62,1,557.62,3,2,2,Need attention
18088,62,1,166.03,3,1,1,Need attention
15756,62,4,528.01,3,3,2,Loyal
16380,62,1,1743.15,3,1,4,Need attention
16104,62,9,2774.46,3,5,4,Loyal
16595,62,5,1757.75,3,4,4,Loyal
13193,62,1,112.08,3,1,1,Need attention
16921,62,3,409.21,3,3,2,Loyal
16685,62,2,324.24,3,3,2,Loyal
12607,61,1,1579.51,3,1,4,Need attention
14535,61,9,5961.89,3,5,5,Loyal
15193,61,1,499.32,3,2,2,Need attention
15211,61,2,894.41,3,3,3,Loyal
14201,61,10,1193.54,3,5,3,Loyal
14665,61,7,2749.65,3,4,4,Loyal
17284,61,7,2558.6,3,4,4,Loyal
14027,61,1,104.82,3,1,1,Need attention
16395,61,14,3517.56,3,5,5,Loyal
15553,61,1,428.93,3,2,2,Need attention
15886,61,4,1052.87,3,3,3,Loyal
17214,61,6,1059.12,3,4,3,Loyal
13473,61,8,2657.76,3,4,4,Loyal
17552,61,12,2786.77,3,5,4,Loyal
13373,61,6,7587.19,3,4,5,Loyal
16982,61,1,384.06,3,1,2,Need attention
17462,61,2,675.69,3,2,3,Need attention
13224,61,2,2152.95,3,2,4,Need attention
17648,61,5,2216.37,3,4,4,Loyal
15128,61,5,1783.68,3,4,4,Loyal
18126,61,1,198.58,3,1,1,Need attention
18169,61,1,202.65,3,1,1,Need attention
13352,61,1,347.98,3,1,2,Need attention
14529,61,3,578.61,3,3,2,Loyal
15304,61,9,796.4,3,5,3,Loyal
14451,61,12,3258.68,3,5,5,Loyal
14128,61,3,924.21,3,3,3,Loyal
17025,61,5,1349.67,3,4,4,Loyal
16776,61,2,592.51,3,2,2,Need attention
16179,61,1,215.83,3,1,1,Need attention
16385,61,5,881.35,3,4,3,Loyal
13980,61,5,768.82,3,4,3,Loyal
13666,61,5,127.05,3,4,1,Loyal
17589,61,18,13806.27,3,5,5,Loyal
13109,60,3,1134.03,3,3,3,Loyal
12772,60,1,752.47,3,2,3,Need attention
14175,60,8,7678.88,3,5,5,Loyal
14952,60,32,17629.35,3,5,5,Loyal
12824,60,1,397.12,3,1,2,Need attention
16086,60,10,2687.73,3,5,4,Loyal
12836,60,15,6559.73,3,5,5,Loyal
13517,60,3,2128.42,3,3,4,Loyal
13627,60,7,2245.9,3,4,4,Loyal
13283,60,4,373.36,3,3,2,Loyal
17863,60,12,5360.48,3,5,5,Loyal
14857,60,7,3651.85,3,4,5,Loyal
17620,60,1,81.44,3,2,1,Need attention
13919,60,4,1252.68,3,4,4,Loyal
12536,60,1,4279.71,3,2,5,Need attention
16861,60,5,946.59,3,4,3,Loyal
16171,60,1,73.2,3,2,1,Need attention
12530,60,9,3381.26,3,5,5,Loyal
13690,60,1,172.25,3,1,1,Need attention
12371,60,4,3347.38,3,4,5,Loyal
16136,60,4,946.8,3,4,3,Loyal
13208,60,8,1951.82,3,4,4,Loyal
15199,60,10,3122.4,3,5,5,Loyal
16120,60,6,2967.51,3,4,5,Loyal
14642,59,1,96.12,3,1,1,Need attention
15421,59,10,3805.34,3,5,5,Loyal
13464,59,6,3097.64,3,4,5,Loyal
16203,59,6,943.84,3,4,3,Loyal
18171,59,9,2437.31,3,5,4,Loyal
15840,59,2,355.56,3,3,2,Loyal
13865,59,4,501.56,3,3,2,Loyal
14541,59,14,2491.38,3,5,4,Loyal
16652,59,16,17550.39,3,5,5,Loyal
15831,59,3,794.64,3,3,3,Loyal
14775,59,3,1011.9,4,3,3,Loyal
17913,59,14,3425.09,4,5,5,Champions
15281,59,16,8543.57,4,5,5,Champions
14852,59,18,6132.43,4,5,5,Champions
12679,59,4,951.02,4,4,3,Champions
13842,59,18,5319.34,4,5,5,Champions
14761,59,3,447.92,4,3,2,Loyal
18277,59,5,1180.05,4,4,3,Champions
12602,59,1,153.12,4,1,1,New / Promising
16753,59,1,223.92,4,1,1,New / Promising
15038,59,9,1146.53,4,5,3,Champions
12667,59,1,460.13,4,2,2,New / Promising
17190,59,7,1724.73,4,4,4,Champions
12633,59,7,5156.16,4,4,5,Champions
13520,59,11,5446.0,4,5,5,Champions
17489,59,2,376.64,4,2,2,New / Promising
17064,59,3,855.45,4,3,3,Loyal
13930,58,2,337.34,4,3,2,Loyal
14976,58,6,774.86,4,4,3,Champions
15367,58,11,5081.33,4,5,5,Champions
17181,58,3,309.85,4,3,2,Loyal
12631,58,6,3321.57,4,4,5,Champions
17509,58,8,6083.64,4,5,5,Champions
13858,58,1,216.17,4,1,1,New / Promising
16430,58,6,1102.94,4,4,3,Champions
12876,58,4,3751.79,4,4,5,Champions
12359,58,10,8873.39,4,5,5,Champions
17614,58,1,386.32,4,1,2,New / Promising
18160,58,3,1003.88,4,3,3,Loyal
14975,58,2,472.39,4,2,2,New / Promising
17279,58,1,187.83,4,1,1,New / Promising
12613,58,9,6277.37,4,5,5,Champions
13853,58,1,1090.14,4,2,3,New / Promising
16770,58,9,1778.93,4,5,4,Champions
16773,58,3,421.24,4,3,2,Loyal
16224,58,5,1616.54,4,4,4,Champions
13487,58,5,846.87,4,4,3,Champions
15272,58,6,2030.95,4,4,4,Champions
17169,58,3,1156.73,4,3,3,Loyal
13911,58,20,4234.99,4,5,5,Champions
16793,58,1,243.84,4,1,1,New / Promising
16121,58,5,1450.04,4,4,4,Champions
12446,58,1,1002.31,4,2,3,New / Promising
14421,58,6,2469.37,4,4,4,Champions
13827,58,3,409.8,4,3,2,Loyal
14555,58,6,2304.03,4,4,4,Champions
14624,58,6,814.07,4,4,3,Champions
14537,58,2,641.4,4,2,3,New / Promising
13047,57,23,8423.58,4,5,5,Champions
14089,57,1,158.75,4,1,1,New / Promising
13006,57,1,81.57,4,2,1,New / Promising
17892,57,3,244.1,4,3,1,Loyal
13136,57,13,6274.56,4,5,5,Champions
16413,57,2,522.03,4,2,2,New / Promising
12454,57,4,16459.78,4,3,5,Loyal
12744,57,8,13158.16,4,5,5,Champions
15826,57,4,2598.28,4,3,4,Loyal
16950,57,10,3533.77,4,5,5,Champions
17771,57,4,386.93,4,3,2,Loyal
13213,57,11,3851.52,4,5,5,Champions
17986,57,1,20.8,4,2,1,New / Promising
18228,57,2,779.9,4,2,3,New / Promising
14937,57,3,1621.88,4,3,4,Loyal
14567,57,2,1530.36,4,2,4,New / Promising
16239,57,6,1492.2,4,4,4,Champions
15620,57,4,1942.36,4,3,4,Loyal
17180,57,11,2236.77,4,5,4,Champions
16081,57,8,4278.96,4,4,5,Champions
16394,57,5,1555.34,4,4,4,Champions
13878,55,4,2416.9,4,3,4,Loyal
16674,55,2,304.24,4,3,2,Loyal
16052,55,1,362.06,4,1,2,New / Promising
14780,55,2,447.68,4,2,2,New / Promising
13034,55,3,756.82,4,3,3,Loyal
15545,55,2,288.97,4,2,2,New / Promising
16934,55,6,2083.14,4,4,4,Champions
12940,55,2,899.69,4,3,3,Loyal
15440,55,3,383.68,4,3,2,Loyal
15994,55,3,1175.68,4,3,3,Loyal
16206,55,13,2577.12,4,5,4,Champions
13760,55,5,1363.64,4,4,4,Champions
17244,54,5,1826.04,4,4,4,Champions
12794,54,2,860.41,4,2,3,New / Promising
16563,54,6,4412.56,4,4,5,Champions
17201,54,4,1132.6,4,3,3,Loyal
17534,54,5,1668.83,4,4,4,Champions
15066,54,1,893.59,4,2,3,New / Promising
13923,54,1,351.13,4,1,2,New / Promising
16363,54,1,109.36,4,1,1,New / Promising
13875,54,14,4814.37,4,5,5,Champions
17206,54,1,204.24,4,1,1,New / Promising
12463,54,4,1200.78,4,4,3,Champions
17527,54,4,939.37,4,4,3,Champions
15335,54,1,170.22,4,1,1,New / Promising
17205,54,3,999.35,4,3,3,Loyal
16542,54,2,257.32,4,2,1,New / Promising
14841,54,14,7163.0,4,5,5,Champions
17612,54,18,5394.86,4,5,5,Champions
15598,54,2,548.02,4,2,2,New / Promising
13015,54,11,6579.78,4,5,5,Champions
17520,54,1,546.81,4,2,2,New / Promising
17734,54,6,1442.32,4,4,4,Champions
16737,54,2,835.2,4,2,3,New / Promising
16932,54,3,412.55,4,3,2,Loyal
18042,54,2,281.15,4,2,1,New / Promising
12473,54,3,2585.73,4,3,4,Loyal
16412,54,5,593.19,4,4,2,Champions
17785,54,3,403.38,4,3,2,Loyal
13750,54,11,3602.18,4,5,5,Champions
14830,54,1,188.03,4,1,1,New / Promising
16389,54,4,1382.07,4,3,4,Loyal
12475,54,2,1065.64,4,2,3,New / Promising
13265,54,5,2092.66,4,4,4,Champions
14443,54,5,2082.97,4,4,4,Champions
14211,54,18,4402.29,4,5,5,Champions
15012,54,3,646.26,4,3,3,Loyal
16848,53,4,1411.62,4,3,4,Loyal
14861,53,10,1380.73,4,5,4,Champions
17679,53,7,3577.61,4,4,5,Champions
16515,53,10,3179.06,4,5,5,Champions
16734,53,3,646.76,4,3,3,Loyal
14015,53,1,917.34,4,2,3,New / Promising
14639,53,9,4978.96,4,5,5,Champions
12611,53,1,1193.32,4,2,3,New / Promising
17262,53,11,2488.76,4,5,4,Champions
13032,53,9,2815.96,4,5,4,Champions
15678,53,3,1825.94,4,3,4,Loyal
13594,53,2,533.32,4,2,2,New / Promising
15637,53,5,797.59,4,4,3,Champions
13637,53,3,803.05,4,3,3,Loyal
15604,53,1,216.39,4,1,1,New / Promising
15327,53,1,208.75,4,1,1,New / Promising
16249,53,5,1800.07,4,4,4,Champions
14381,53,2,625.94,4,2,3,New / Promising
16730,53,3,743.11,4,3,3,Loyal
16940,53,8,6427.66,4,5,5,Champions
15505,53,5,3610.96,4,4,5,Champions
12759,53,8,4618.74,4,5,5,Champions
14798,53,8,724.31,4,4,3,Champions
15140,53,8,3243.69,4,4,5,Champions
12360,53,6,3612.89,4,4,5,Champions
12863,53,6,2792.55,4,4,4,Champions
13805,53,2,924.6,4,3,3,Loyal
16621,52,4,813.48,4,4,3,Champions
17148,52,1,124.88,4,1,1,New / Promising
12596,52,2,450.27,4,2,2,New / Promising
14306,52,6,3151.4,4,4,5,Champions
14776,52,15,3708.3,4,5,5,Champions
15754,52,9,3037.61,4,5,5,Champions
16123,52,1,307.78,4,1,2,New / Promising
16826,52,1,341.7,4,1,2,New / Promising
15803,52,4,1929.66,4,3,4,Loyal
16470,52,11,2416.85,4,5,4,Champions
17824,52,1,298.4,4,1,2,New / Promising
15610,52,1,112.46,4,1,1,New / Promising
17973,52,1,337.04,4,1,2,New / Promising
18019,52,1,38.45,4,2,1,New / Promising
14799,52,2,338.15,4,3,2,Loyal
14107,52,11,4877.3,4,5,5,Champions
13491,52,27,4467.66,4,5,5,Champions
15468,52,3,1430.48,4,3,4,Loyal
15006,52,2,752.83,4,2,3,New / Promising
12370,52,7,3956.56,4,4,5,Champions
17934,52,3,1049.15,4,3,3,Loyal
13849,52,5,3469.3,4,4,5,Champions
16131,52,12,9957.42,4,5,5,Champions
14273,52,4,559.97,4,3,2,Loyal
15853,52,1,110.8,4,1,1,New / Promising
15220,52,6,1778.96,4,4,4,Champions
14229,52,7,2594.04,4,4,4,Champions
16260,51,1,1035.45,4,2,3,New / Promising
15664,51,4,1231.53,4,4,4,Champions
14585,51,5,1143.27,4,4,3,Champions
15121,51,2,457.72,4,2,2,New / Promising
16846,51,3,842.41,4,3,3,Loyal
16177,51,8,2247.31,4,4,4,Champions
17354,51,4,3133.96,4,4,5,Champions
15469,51,3,874.25,4,3,3,Loyal
13669,51,3,413.55,4,3,2,Loyal
12556,51,2,599.56,4,2,2,New / Promising
13573,51,6,903.07,4,4,3,Champions
13761,51,6,1952.17,4,4,4,Champions
15296,51,12,10323.03,4,5,5,Champions
14261,51,2,1163.45,4,2,3,New / Promising
15565,51,2,173.16,4,2,1,New / Promising
15836,51,1,137.37,4,1,1,New / Promising
17125,51,1,230.5,4,1,1,New / Promising
13366,51,1,56.16,4,2,1,New / Promising
15807,51,5,1817.52,4,4,4,Champions
16099,51,7,1573.2,4,4,4,Champions
14427,51,4,1263.52,4,4,4,Champions
15587,51,7,1522.08,4,4,4,Champions
17007,51,7,1120.1,4,4,3,Champions
13897,51,3,1160.72,4,3,3,Loyal
17092,51,11,5511.41,4,5,5,Champions
17420,51,6,953.58,4,4,3,Champions
13245,51,2,989.22,4,2,3,New / Promising
17764,51,5,1513.57,4,4,4,Champions
16593,51,8,1071.14,4,4,3,Champions
18149,51,7,1553.96,4,4,4,Champions
14495,51,3,174.8,4,3,1,Loyal
17672,51,6,5663.74,4,4,5,Champions
15301,51,17,6909.67,4,5,5,Champions
15129,51,23,6860.18,4,5,5,Champions
14484,51,4,1070.98,4,3,3,Loyal
14638,51,1,443.6,4,2,2,New / Promising
18252,51,7,1533.69,4,4,4,Champions
14631,51,6,2025.69,4,4,4,Champions
17571,51,5,1629.66,4,4,4,Champions
16170,51,20,6869.0,4,5,5,Champions
14923,51,1,749.1,4,2,3,New / Promising
13917,50,2,272.04,4,2,1,New / Promising
16918,50,16,3206.54,4,5,5,Champions
15740,50,1,154.88,4,1,1,New / Promising
14967,50,6,1982.61,4,4,4,Champions
15677,50,3,1305.63,4,3,4,Loyal
12403,50,2,947.36,4,3,3,Loyal
13725,50,8,1980.56,4,4,4,Champions
13918,50,2,1212.84,4,2,4,New / Promising
12407,50,5,1507.12,4,4,4,Champions
15286,50,1,240.55,4,1,1,New / Promising
14233,50,7,2904.27,4,4,5,Champions
17361,50,5,871.79,4,4,3,Champions
16497,50,23,6695.28,4,5,5,Champions
15819,50,10,3934.79,4,5,5,Champions
17940,50,14,28389.58,4,5,5,Champions
13157,50,9,5687.36,4,5,5,Champions
16153,50,11,5133.49,4,5,5,Champions
13974,50,2,677.72,4,2,3,New / Promising
17832,50,1,155.37,4,1,1,New / Promising
17111,48,2,459.58,4,2,2,New / Promising
16686,48,16,4881.07,4,5,5,Champions
14504,48,4,673.26,4,3,3,Loyal
16007,48,7,3053.06,4,4,5,Champions
14800,48,17,7180.08,4,5,5,Champions
13598,48,5,761.96,4,4,3,Champions
16768,48,9,1698.57,4,5,4,Champions
14731,48,3,380.02,4,3,2,Loyal
17836,48,1,109.83,4,1,1,New / Promising
16017,48,5,1545.58,4,4,4,Champions
15000,48,1,490.52,4,2,2,New / Promising
14764,47,1,278.3,4,1,1,New / Promising
12546,47,2,1021.5,4,2,3,New / Promising
14019,47,3,1421.61,4,3,4,Loyal
16325,47,12,3597.5,4,5,5,Champions
18240,47,1,422.58,4,1,2,New / Promising
15806,47,3,784.58,4,3,3,Loyal
15801,47,3,1063.95,4,3,3,Loyal
15277,47,2,476.34,4,2,2,New / Promising
16491,47,2,1533.16,4,2,4,New / Promising
14312,47,11,3090.29,4,5,5,Champions
17317,47,3,2600.34,4,3,4,Loyal
15786,47,5,8501.62,4,4,5,Champions
14139,47,4,1086.8,4,3,3,Loyal
14145,47,7,7600.05,4,4,5,Champions
15142,47,6,2619.92,4,4,4,Champions
17423,47,3,1118.95,4,3,3,Loyal
16444,47,17,3625.88,4,5,5,Champions
15068,47,4,1174.9,4,3,3,Loyal
16728,47,4,1048.28,4,3,3,Loyal
15215,47,7,2422.43,4,4,4,Champions
16023,47,3,719.81,4,3,3,Loyal
17004,47,4,2324.36,4,3,4,Loyal
15844,47,1,130.74,4,1,1,New / Promising
13176,47,1,481.49,4,2,2,New / Promising
14997,47,4,776.6,4,4,3,Champions
17344,47,2,457.36,4,2,2,New / Promising
14474,47,2,1258.89,4,3,4,Loyal
15592,47,1,388.58,4,1,2,New / Promising
16019,47,27,17329.16,4,5,5,Champions
17186,47,2,144.0,4,2,1,New / Promising
13165,47,3,1451.16,4,3,4,Loyal
16258,46,15,11942.52,4,5,5,Champions
13601,46,4,1159.99,4,3,3,Loyal
18079,46,5,4203.93,4,4,5,Champions
13182,46,1,121.18,4,1,1,New / Promising
15158,46,2,606.02,4,2,3,New / Promising
13481,46,11,3830.84,4,5,5,Champions
18147,46,2,179.34,4,2,1,New / Promising
15656,46,4,748.5,4,4,3,Champions
15345,46,1,393.54,4,1,2,New / Promising
14001,46,9,4228.85,4,5,5,Champions
16110,46,4,1781.59,4,3,4,Loyal
18045,46,1,178.34,4,1,1,New / Promising
16708,46,1,656.63,4,2,3,New / Promising
13652,46,5,2262.05,4,4,4,Champions
17024,46,3,95.85,4,3,1,Loyal
17917,46,3,335.03,4,3,2,Loyal
12398,46,1,1435.66,4,1,4,New / Promising
16056,46,1,650.75,4,2,3,New / Promising
13340,46,12,22100.56,4,5,5,Champions
17928,46,3,313.16,4,3,2,Loyal
14341,46,18,4452.02,4,5,5,Champions
15630,46,3,1481.4,4,3,4,Loyal
16225,45,15,2859.31,4,5,4,Champions
16345,45,2,1178.79,4,2,3,New / Promising
14754,45,6,1547.93,4,4,4,Champions
15821,45,2,570.96,4,2,2,New / Promising
14598,45,2,384.04,4,2,2,New / Promising
17712,45,1,522.91,4,2,2,New / Promising
12448,45,1,365.45,4,1,2,New / Promising
15320,45,1,267.13,4,1,1,New / Promising
16418,45,5,1028.74,4,4,3,Champions
17895,45,1,95.45,4,1,1,New / Promising
14379,45,4,1265.16,4,4,4,Champions
13107,45,9,5253.07,4,5,5,Champions
15240,45,12,4459.98,4,5,5,Champions
15516,45,3,62.43,4,3,1,Loyal
17175,45,4,1443.69,4,3,4,Loyal
16208,45,10,3440.45,4,5,5,Champions
15835,45,4,954.09,4,4,3,Champions
14315,45,8,3197.82,4,4,5,Champions
12812,45,1,229.64,4,1,1,New / Promising
17470,45,11,2626.47,4,5,4,Champions
16750,45,5,623.93,4,4,3,Champions
16071,45,4,1076.8,4,3,3,Loyal
16415,45,3,696.76,4,3,3,Loyal
18226,45,26,11878.88,4,5,5,Champions
16188,45,5,1087.66,4,4,3,Champions
14690,45,4,777.68,4,4,3,Champions
12456,45,3,2581.04,4,3,4,Loyal
15990,45,7,1997.75,4,4,4,Champions
12879,45,3,573.22,4,3,2,Loyal
15791,44,5,3608.34,4,4,5,Champions
17459,44,2,657.3,4,2,3,New / Promising
15288,44,10,3706.53,4,5,5,Champions
14842,44,4,2824.69,4,4,4,Champions
14239,44,21,4263.17,4,5,5,Champions
18261,44,2,324.24,4,3,2,Loyal
17878,44,3,1378.93,4,3,4,Loyal
16232,44,7,2712.97,4,4,4,Champions
15014,44,2,257.67,4,2,1,New / Promising
18276,44,6,1656.52,4,4,4,Champions
16680,44,3,821.45,4,3,3,Loyal
17684,44,1,239.41,4,1,1,New / Promising
16026,44,1,236.09,4,1,1,New / Promising
13654,44,11,6308.0,4,5,5,Champions
15622,44,17,7852.61,4,5,5,Champions
13416,44,3,940.8,4,3,3,Loyal
14357,44,1,225.12,4,1,1,New / Promising
14004,44,11,6258.45,4,5,5,Champions
12430,44,1,216.4,4,1,1,New / Promising
13538,44,12,3103.13,4,5,5,Champions
17414,44,6,2249.52,4,4,4,Champions
15659,44,3,532.49,4,3,2,Loyal
16847,44,2,614.89,4,2,3,New / Promising
14752,44,1,389.64,4,1,2,New / Promising
17545,44,6,1409.86,4,4,4,Champions
14716,44,3,543.28,4,3,2,Loyal
12678,43,15,32595.18,4,5,5,Champions
17669,43,10,6142.35,4,5,5,Champions
18287,43,7,4132.99,4,4,5,Champions
14738,43,9,1821.9,4,5,4,Champions
14412,43,3,1426.19,4,3,4,Loyal
12895,43,2,372.8,4,2,2,New / Promising
16102,43,3,1842.14,4,3,4,Loyal
12432,43,4,4359.32,4,4,5,Champions
15096,43,1,219.39,4,1,1,New / Promising
13812,43,3,485.0,4,3,2,Loyal
16150,43,10,4002.17,4,5,5,Champions
17837,43,8,1535.33,4,5,4,Champions
16648,43,3,672.8,4,3,3,Loyal
14221,43,17,6517.49,4,5,5,Champions
17418,43,3,670.06,4,3,3,Loyal
17839,43,1,318.15,4,1,2,New / Promising
17272,43,4,2148.63,4,3,4,Loyal
14498,43,10,3900.83,4,5,5,Champions
13993,43,19,6775.71,4,5,5,Champions
16843,43,35,19571.43,4,5,5,Champions
14232,43,5,2048.07,4,4,4,Champions
16554,43,8,2841.72,4,4,4,Champions
14218,43,1,169.48,4,1,1,New / Promising
17018,41,6,2287.7,4,4,4,Champions
17796,41,7,1236.39,4,4,4,Champions
16235,41,8,2043.71,4,4,4,Champions
18067,41,1,396.33,4,1,2,New / Promising
16190,41,8,2723.55,4,4,4,Champions
14077,41,6,615.08,4,4,3,Champions
13617,41,8,1278.75,4,4,4,Champions
17213,41,13,4869.4,4,5,5,Champions
14179,41,2,701.57,4,2,3,New / Promising
16049,41,6,1852.15,4,4,4,Champions
15376,41,3,1221.56,4,3,4,Loyal
15370,41,8,3739.01,4,4,5,Champions
15059,41,19,3490.4,4,5,5,Champions
17447,41,2,541.53,4,2,2,New / Promising
17373,41,7,1167.5,4,4,3,Champions
14158,41,1,507.66,4,2,2,New / Promising
14810,41,13,2354.03,4,5,4,Champions
15860,41,17,2358.8,4,5,4,Champions
14295,41,4,2352.91,4,3,4,Loyal
13421,41,8,4048.25,4,4,5,Champions
13524,41,5,680.18,4,4,3,Champions
13566,41,5,1684.75,4,4,4,Champions
15748,41,3,609.81,4,3,3,Loyal
13607,41,2,1075.81,4,2,3,New / Promising
15478,41,3,1940.98,4,3,4,Loyal
15865,41,5,2241.42,4,4,4,Champions
15385,41,3,942.08,4,3,3,Loyal
15521,41,16,7087.64,4,5,5,Champions
17609,41,11,1875.36,4,5,4,Champions
15669,41,4,684.34,4,3,3,Loyal
16601,41,3,675.83,4,3,3,Loyal
17255,41,4,781.7,4,4,3,Champions
14040,41,35,12523.81,4,5,5,Champions
17372,41,27,4316.46,4,5,5,Champions
15708,41,9,3887.15,4,5,5,Champions
13278,41,4,1425.35,4,3,4,Loyal
14582,41,1,114.11,4,1,1,New / Promising
15752,40,9,3924.91,4,5,5,Champions
13186,40,3,1575.89,4,3,4,Loyal
13813,40,8,2387.47,4,4,4,Champions
16836,40,4,782.37,4,4,3,Champions
13651,40,2,211.85,4,2,1,New / Promising
12552,40,1,317.82,4,1,2,New / Promising
16969,40,3,650.41,4,3,3,Loyal
13544,40,6,790.2,4,4,3,Champions
12588,40,3,718.78,4,3,3,Loyal
12909,40,8,3103.19,4,4,5,Champions
15360,40,1,427.93,4,2,2,New / Promising
16018,40,4,698.13,4,3,3,Loyal
17951,40,4,1340.58,4,4,4,Champions
14167,40,8,1274.29,4,4,4,Champions
16127,40,2,801.31,4,2,3,New / Promising
15974,40,7,3442.15,4,4,5,Champions
12571,40,2,519.61,4,2,2,New / Promising
13103,40,3,709.64,4,3,3,Loyal
15329,40,11,2958.83,4,5,5,Champions
18257,40,12,4585.15,4,5,5,Champions
17396,40,13,8391.6,4,5,5,Champions
13982,40,9,3954.29,4,5,5,Champions
12581,40,1,179.71,4,1,1,New / Promising
12522,40,2,156.72,4,2,1,New / Promising
15667,40,1,301.32,4,1,2,New / Promising
14808,40,8,2718.6,4,4,4,Champions
13145,40,7,1128.52,4,4,3,Champions
12491,39,1,424.4,4,1,2,New / Promising
13327,39,19,9052.87,4,5,5,Champions
17733,39,2,692.19,4,2,3,New / Promising
17166,39,2,206.34,4,2,1,New / Promising
15847,39,5,822.57,4,4,3,Champions
15018,39,3,496.21,4,3,2,Loyal
18270,39,3,444.55,4,3,2,Loyal
13726,39,2,1079.66,4,2,3,New / Promising
12674,39,4,1844.6,4,4,4,Champions
13292,39,5,994.51,4,4,3,Champions
16830,39,4,1207.5,4,4,4,Champions
14995,39,2,231.98,4,2,1,New / Promising
14383,39,3,1247.69,4,3,4,Loyal
15423,39,3,266.89,4,3,1,Loyal
16960,39,8,1988.93,4,4,4,Champions
13697,39,1,151.3,4,1,1,New / Promising
17696,39,27,7679.59,4,5,5,Champions
16029,39,106,109620.87,4,5,5,Champions
16971,39,1,357.21,4,1,2,New / Promising
16825,39,5,1826.89,4,4,4,Champions
14485,39,1,162.8,4,1,1,New / Promising
13461,39,6,4160.0,4,4,5,Champions
16729,39,21,7202.01,4,5,5,Champions
14345,39,1,108.98,4,1,1,New / Promising
15830,38,1,576.0,4,2,2,New / Promising
13904,38,2,332.64,4,3,2,Loyal
12594,38,14,4890.11,4,5,5,Champions
12830,38,6,6814.64,4,4,5,Champions
17966,38,10,1963.92,4,5,4,Champions
18104,38,1,754.64,4,2,3,New / Promising
14974,38,1,89.94,4,1,1,New / Promising
15065,38,5,3326.86,4,4,5,Champions
16043,38,8,1856.59,4,4,4,Champions
17999,38,3,528.46,4,3,2,Loyal
16747,38,2,836.06,4,2,3,New / Promising
16884,38,4,1070.97,4,3,3,Loyal
15275,38,1,615.14,4,2,3,New / Promising
12779,38,14,6474.11,4,5,5,Champions
16308,38,7,5120.0,4,4,5,Champions
17965,38,29,7002.9,4,5,5,Champions
18105,38,1,113.48,4,1,1,New / Promising
16014,38,5,1100.28,4,4,3,Champions
15576,38,1,921.37,4,2,3,New / Promising
18164,38,1,399.65,4,1,2,New / Promising
13316,38,10,12940.82,4,5,5,Champions
14528,38,1,364.22,4,1,2,New / Promising
16706,38,3,531.35,4,3,2,Loyal
13271,38,1,211.49,4,1,1,New / Promising
17947,38,1,176.68,4,1,1,New / Promising
16367,38,3,1350.48,4,3,4,Loyal
17719,38,15,5396.04,4,5,5,Champions
13477,38,11,2819.17,4,5,4,Champions
17800,38,9,1186.21,4,5,3,Champions
13168,37,5,1840.73,4,4,4,Champions
18205,37,2,517.36,4,2,2,New / Promising
17078,37,2,375.86,4,2,2,New / Promising
12352,37,9,1729.54,4,5,4,Champions
12808,37,5,748.7,4,4,3,Champions
15227,37,9,2488.49,4,5,4,Champions
13636,37,5,949.12,4,4,3,Champions
18081,37,3,343.45,4,3,2,Loyal
17653,37,4,1207.56,4,4,4,Champions
15605,37,9,1741.95,4,5,4,Champions
15651,37,5,1259.06,4,4,4,Champions
16221,37,9,2018.47,4,5,4,Champions
17403,37,2,382.87,4,2,2,New / Promising
13728,37,16,2855.17,4,5,4,Champions
17634,37,9,2358.59,4,5,4,Champions
14636,37,2,609.85,4,2,3,New / Promising
15998,37,16,8274.14,4,5,5,Champions
15252,37,5,2103.41,4,4,4,Champions
16841,37,12,4006.06,4,5,5,Champions
16914,37,1,183.76,4,1,1,New / Promising
13324,37,18,10513.47,4,5,5,Champions
16409,37,12,5652.74,4,5,5,Champions
17076,37,6,1242.75,4,4,4,Champions
16337,37,1,151.05,4,1,1,New / Promising
17816,37,6,96.11,4,4,1,Champions
14098,37,1,147.35,4,1,1,New / Promising
15612,37,2,195.15,4,2,1,New / Promising
17442,37,15,4620.3,4,5,5,Champions
17351,37,12,1964.38,4,5,4,Champions
13721,37,2,741.54,4,2,3,New / Promising
16602,37,2,763.33,4,2,3,New / Promising
14815,37,2,778.5,4,2,3,New / Promising
15809,37,7,1274.44,4,4,4,Champions
15551,37,7,1679.81,4,4,4,Champions
12544,37,1,316.7,4,1,2,New / Promising
14856,37,3,1290.53,4,3,4,Loyal
17084,36,3,5001.21,4,3,5,Loyal
17233,36,3,560.86,4,3,2,Loyal
17930,36,13,4275.22,4,5,5,Champions
17703,36,4,1094.84,4,3,3,Loyal
12928,36,12,4304.89,4,5,5,Champions
16318,36,1,328.15,4,1,2,New / Promising
16012,36,5,2978.59,4,4,5,Champions
14971,36,3,1097.98,4,3,3,Loyal
15707,36,4,916.98,4,4,3,Champions
14913,36,8,4073.13,4,4,5,Champions
14592,36,3,557.94,4,3,2,Loyal
17203,36,10,5564.09,4,5,5,Champions
17193,36,9,2310.04,4,5,4,Champions
12944,36,2,604.51,4,2,3,New / Promising
15010,36,1,308.94,4,1,2,New / Promising
16887,36,3,658.17,4,3,3,Loyal
12431,36,25,10102.22,4,5,5,Champions
13938,36,1,71.66,4,2,1,New / Promising
13592,36,4,247.96,4,4,1,Champions
12484,36,9,5557.1,4,5,5,Champions
14150,36,2,658.64,4,2,3,New / Promising
12397,36,2,2214.9,4,2,4,New / Promising
15597,36,2,563.37,4,2,2,New / Promising
18035,36,5,1260.23,4,4,4,Champions
15722,36,11,5234.0,4,5,5,Champions
17274,36,2,573.22,4,2,2,New / Promising
18022,36,5,1506.62,4,4,4,Champions
17979,36,4,729.01,4,4,3,Champions
12577,36,8,1613.15,4,5,4,Champions
16555,36,6,1915.68,4,4,4,Champions
12576,36,8,2062.72,4,4,4,Champions
12638,34,2,681.49,4,2,3,New / Promising
12645,34,8,3215.3,4,4,5,Champions
17107,34,10,16052.72,4,5,5,Champions
13523,34,6,4534.57,4,4,5,Champions
16488,34,3,498.8,4,3,2,Loyal
17082,34,6,4732.03,4,4,5,Champions
13155,34,6,1370.48,4,4,4,Champions
13527,34,12,4541.29,4,5,5,Champions
15526,34,2,148.44,4,2,1,New / Promising
16357,34,4,868.37,4,4,3,Champions
17831,34,1,35.4,4,2,1,New / Promising
15696,34,13,3881.22,4,5,5,Champions
12357,34,2,17437.66,4,2,5,New / Promising
16466,34,15,3767.09,4,5,5,Champions
14404,34,13,2724.13,4,5,4,Champions
15025,34,2,971.84,4,3,3,Loyal
13634,34,15,4988.08,4,5,5,Champions
15407,34,4,1046.74,4,3,3,Loyal
15839,34,3,1048.49,4,3,3,Loyal
12838,34,10,2975.91,4,5,5,Champions
18170,34,9,2878.0,4,5,4,Champions
15952,34,4,781.91,4,4,3,Champions
15017,34,1,125.58,4,1,1,New / Promising
13365,34,2,2225.37,4,2,4,New / Promising
16676,34,6,2361.9,4,4,4,Champions
16771,34,10,3921.1,4,5,5,Champions
14517,34,2,330.45,4,3,2,Loyal
16372,34,5,1290.31,4,4,4,Champions
14174,34,1,134.46,4,1,1,New / Promising
14936,34,12,12410.81,4,5,5,Champions
17608,34,4,488.06,4,3,2,Loyal
15513,34,35,26437.05,4,5,5,Champions
13772,34,8,3100.02,4,4,5,Champions
16243,34,2,409.1,4,2,2,New / Promising
15427,34,3,1430.54,4,3,4,Loyal
16445,34,4,583.16,4,3,2,Loyal
14039,34,2,267.28,4,2,1,New / Promising
13759,34,2,659.41,4,2,3,New / Promising
13532,34,1,210.31,4,1,1,New / Promising
14073,33,1,151.04,4,1,1,New / Promising
15493,33,9,4113.19,4,5,5,Champions
16612,33,9,3245.43,4,5,5,Champions
15522,33,2,397.99,4,2,2,New / Promising
17158,33,5,1980.0,4,4,4,Champions
12472,33,19,14971.29,4,5,5,Champions
18016,33,7,1954.56,4,4,4,Champions
15719,33,31,10194.32,4,5,5,Champions
16348,33,8,1742.08,4,5,4,Champions
13097,33,27,13015.36,4,5,5,Champions
14929,33,2,836.69,4,2,3,New / Promising
12408,33,8,3905.77,4,4,5,Champions
13824,33,12,3314.76,4,5,5,Champions
15870,33,4,857.46,4,4,3,Champions
17430,33,4,622.57,4,3,3,Loyal
15330,33,2,714.96,4,2,3,New / Promising
14700,33,5,3076.06,4,4,5,Champions
17761,33,1,712.78,4,2,3,New / Promising
12832,33,2,383.03,4,2,2,New / Promising
16637,33,4,1154.47,4,3,3,Loyal
17164,33,7,2467.35,4,4,4,Champions
16053,33,6,3634.84,4,4,5,Champions
18150,33,3,566.58,4,3,2,Loyal
15618,33,4,776.85,4,4,3,Champions
17043,33,8,2593.65,4,4,4,Champions
13717,33,8,1763.3,4,4,4,Champions
14623,33,10,2012.3,4,5,4,Champions
17623,33,7,2365.77,4,4,4,Champions
15785,33,16,5969.93,4,5,5,Champions
14080,33,5,1115.68,4,4,3,Champions
18036,33,11,1545.49,4,5,4,Champions
16362,33,6,922.16,4,4,3,Champions
14387,33,3,1727.6,4,3,4,Loyal
13867,32,3,1005.09,4,3,3,Loyal
17160,32,17,10209.16,4,5,5,Champions
16837,32,11,3170.98,4,5,5,Champions
17022,32,2,260.0,4,2,1,New / Promising
17219,32,2,259.13,4,2,1,New / Promising
17515,32,9,1602.51,4,5,4,Champions
17633,32,7,2057.39,4,4,4,Champions
13710,32,3,509.52,4,3,2,Loyal
17313,32,1,2328.84,4,2,4,New / Promising
18216,32,1,481.75,4,2,2,New / Promising
13329,32,8,4808.77,4,5,5,Champions
13695,32,16,2770.73,4,5,4,Champions
15249,32,18,9266.0,4,5,5,Champions
13381,32,12,8224.37,4,5,5,Champions
16284,32,3,1018.48,4,3,3,Loyal
14676,32,12,8356.79,4,5,5,Champions
15103,32,2,703.36,4,2,3,New / Promising
16187,32,15,6911.44,4,5,5,Champions
16732,32,4,4387.64,4,3,5,Loyal
17289,32,9,2041.8,4,5,4,Champions
15957,32,3,921.25,4,3,3,Loyal
13643,32,10,2156.77,4,5,4,Champions
13110,32,12,2957.47,4,5,5,Champions
14524,32,13,2909.86,4,5,5,Champions
16639,32,4,1747.98,4,3,4,Loyal
15763,32,2,1086.92,4,3,3,Loyal
12721,32,8,3635.08,4,4,5,Champions
12849,32,6,3015.98,4,4,5,Champions
13272,32,2,276.56,4,2,1,New / Promising
14050,32,2,746.36,4,2,3,New / Promising
15153,32,1,329.25,4,1,2,New / Promising
16505,32,1,777.6,4,2,3,New / Promising
17886,32,6,1572.55,4,4,4,Champions
15043,32,6,2855.32,4,4,4,Champions
15950,32,10,7120.91,4,5,5,Champions
15406,32,4,975.87,4,4,3,Champions
15573,32,5,1180.47,4,4,3,Champions
16618,32,5,2647.59,4,4,4,Champions
17964,32,2,463.21,4,2,2,New / Promising
18177,32,9,2216.32,4,5,4,Champions
16863,32,3,834.27,4,3,3,Loyal
13975,32,12,5256.4,4,5,5,Champions
14360,32,4,2118.03,4,4,4,Champions
17637,32,2,547.06,4,2,2,New / Promising
15356,32,13,3239.57,4,5,5,Champions
12990,32,7,955.5,4,4,3,Champions
16880,31,8,1813.21,4,4,4,Champions
14968,31,2,497.49,4,3,2,Loyal
14214,31,5,1004.38,4,4,3,Champions
13623,31,10,2533.06,4,5,4,Champions
12893,31,1,176.55,4,1,1,New / Promising
18274,31,1,175.92,4,1,1,New / Promising
14921,31,2,1316.07,4,2,4,New / Promising
17690,31,20,6963.8,4,5,5,Champions
13029,31,5,1927.3,4,4,4,Champions
15485,31,7,4810.92,4,4,5,Champions
13992,31,3,219.5,4,3,1,Loyal
12949,31,22,15526.7,4,5,5,Champions
15027,31,10,3195.6,4,5,5,Champions
17702,31,6,3144.04,4,4,5,Champions
14691,31,5,2114.33,4,4,4,Champions
12532,31,1,313.83,4,1,2,New / Promising
16205,31,7,1813.51,4,4,4,Champions
16767,31,15,8052.41,4,5,5,Champions
16953,31,1,20.8,4,2,1,New / Promising
17865,31,46,26310.09,4,5,5,Champions
16516,31,1,101.7,4,1,1,New / Promising
13522,31,1,125.8,4,1,1,New / Promising
17038,31,2,743.17,4,2,3,New / Promising
15450,31,1,429.84,4,2,2,New / Promising
17867,31,14,1560.72,4,5,4,Champions
16751,31,1,1764.72,4,1,4,New / Promising
13046,31,3,949.25,4,3,3,Loyal
13384,31,11,6680.83,4,5,5,Champions
15986,31,2,354.42,4,3,2,Loyal
14108,31,4,1044.96,4,3,3,Loyal
14284,31,3,1299.65,4,3,4,Loyal
14240,31,3,1247.49,4,3,4,Loyal
16996,31,9,2123.61,4,5,4,Champions
15114,31,12,3400.12,4,5,5,Champions
16041,31,3,3166.4,4,3,5,Loyal
14188,31,6,2054.36,4,4,4,Champions
13804,31,9,3161.12,4,5,5,Champions
17011,31,3,671.7,4,3,3,Loyal
13209,31,13,8509.51,4,5,5,Champions
12538,30,2,640.45,4,2,3,New / Promising
14765,30,3,254.11,4,3,1,Loyal
17197,30,1,1013.01,4,2,3,New / Promising
15463,30,1,126.14,4,1,1,New / Promising
16986,30,11,4888.75,4,5,5,Champions
18135,30,10,1249.62,4,5,4,Champions
16218,30,13,3968.67,4,5,5,Champions
15289,30,5,1593.09,4,4,4,Champions
13148,30,26,8488.32,4,5,5,Champions
12617,30,1,352.98,4,1,2,New / Promising
14863,30,1,266.76,4,1,1,New / Promising
17537,30,2,887.67,4,3,3,Loyal
15452,30,6,1785.11,4,4,4,Champions
15355,30,2,277.05,4,2,1,New / Promising
13983,30,21,6753.89,4,5,5,Champions
14466,30,13,4267.15,4,5,5,Champions
17977,30,2,1511.45,4,2,4,New / Promising
12981,30,2,372.22,4,2,2,New / Promising
17791,30,1,106.1,4,1,1,New / Promising
16434,30,12,2673.69,4,5,4,Champions
13460,30,2,183.44,4,2,1,New / Promising
13606,30,3,276.75,4,3,1,Loyal
16907,30,9,1470.89,4,5,4,Champions
15184,30,4,685.39,4,3,3,Loyal
15238,30,3,1071.99,4,3,3,Loyal
17901,30,3,260.08,4,3,1,Loyal
17573,30,3,380.6,4,3,2,Loyal
18125,30,4,1131.75,4,3,3,Loyal
13817,30,2,328.98,4,3,2,Loyal
17416,30,22,17298.45,4,5,5,Champions
14064,30,15,3260.24,4,5,5,Champions
16025,30,1,439.66,4,2,2,New / Promising
16791,30,15,3944.88,4,5,5,Champions
17109,30,8,1291.71,4,4,4,Champions
14748,30,10,2681.9,4,5,4,Champions
16743,30,14,4212.15,4,5,5,Champions
12541,30,3,841.18,4,3,3,Loyal
17340,30,18,19617.95,4,5,5,Champions
14944,30,19,9684.67,4,5,5,Champions
15111,30,5,2442.37,4,4,4,Champions
17521,30,5,1278.06,4,4,4,Champions
16003,30,10,5613.83,4,5,5,Champions
16903,30,3,1041.75,4,3,3,Loyal
12599,30,13,2026.72,4,5,4,Champions
14829,30,7,1455.87,4,4,4,Champions
17059,30,9,4864.57,4,5,5,Champions
18236,30,12,1795.35,4,5,4,Champions
17932,30,3,1331.57,4,3,4,Loyal
13396,30,2,1360.99,4,2,4,New / Promising
16628,30,7,2318.1,4,4,4,Champions
12844,30,4,648.6,4,3,3,Loyal
12708,30,18,4559.66,4,5,5,Champions
14712,30,4,1328.07,4,4,4,Champions
18217,30,4,945.04,4,4,3,Champions
12659,30,1,73.68,4,2,1,New / Promising
16126,30,15,14644.6,4,5,5,Champions
15492,29,2,659.46,4,2,3,New / Promising
12600,29,20,4385.85,4,5,5,Champions
15692,29,1,191.04,4,1,1,New / Promising
17295,29,3,547.0,4,3,2,Loyal
15608,29,5,1785.98,4,4,4,Champions
13732,29,1,491.86,4,2,2,New / Promising
17191,29,15,4310.34,4,5,5,Champions
17512,29,18,5467.82,4,5,5,Champions
18014,29,1,154.27,4,1,1,New / Promising
14789,29,1,197.64,4,1,1,New / Promising
17015,29,3,1838.61,4,3,4,Loyal
16460,29,3,811.23,4,3,3,Loyal
13310,29,5,1541.2,4,4,4,Champions
17052,29,1,399.09,4,1,2,New / Promising
18209,29,1,139.1,4,1,1,New / Promising
16671,29,3,1692.27,4,3,4,Loyal
12712,29,21,5985.03,4,5,5,Champions
13895,29,6,4008.52,4,4,5,Champions
17054,29,5,1356.33,4,4,4,Champions
16912,29,15,4460.51,4,5,5,Champions
12384,29,2,425.27,4,2,2,New / Promising
17162,29,10,1715.46,4,5,4,Champions
13727,29,8,1074.15,4,4,3,Champions
12589,29,6,3294.91,4,4,5,Champions
14543,29,39,14548.22,4,5,5,Champions
13091,29,2,1108.8,4,2,3,New / Promising
12691,29,6,1044.4,4,4,3,Champions
12685,29,6,2575.08,4,4,4,Champions
16332,29,11,1997.49,4,5,4,Champions
14226,29,6,2985.13,4,4,5,Champions
17071,29,13,3793.71,4,5,5,Champions
17069,29,14,5517.23,4,5,5,Champions
14662,29,7,1376.43,4,4,4,Champions
12517,29,4,2301.6,4,3,4,Loyal
16386,29,3,1068.16,4,3,3,Loyal
13810,29,2,827.51,4,2,3,New / Promising
12726,29,11,3690.6,4,5,5,Champions
17088,29,4,1991.01,4,4,4,Champions
15557,29,1,468.91,4,2,2,New / Promising
14035,29,9,2794.75,4,5,4,Champions
12697,29,3,757.59,4,3,3,Loyal
13557,29,13,3032.26,4,5,5,Champions
12480,29,7,4834.85,4,4,5,Champions
16433,29,2,384.52,4,2,2,New / Promising
16416,27,9,2957.88,4,5,5,Champions
12865,27,4,3323.47,4,4,5,Champions
14784,27,3,449.93,4,3,2,Loyal
12867,27,13,7829.26,4,5,5,Champions
16571,27,10,4248.74,4,5,5,Champions
13984,27,12,1893.8,4,5,4,Champions
13146,27,1,228.91,4,1,1,New / Promising
14227,27,15,6366.16,4,5,5,Champions
17720,27,10,2666.91,4,5,4,Champions
14499,27,7,2101.79,4,4,4,Champions
16560,27,8,3048.38,4,4,5,Champions
15449,27,3,974.52,4,3,3,Loyal
17838,27,13,5604.64,4,5,5,Champions
15429,27,2,397.35,4,3,2,Loyal
17041,27,6,1655.2,4,4,4,Champions
13700,27,13,2596.97,4,5,4,Champions
14661,27,1,107.95,4,1,1,New / Promising
17211,27,13,3773.35,4,5,5,Champions
14882,27,14,3546.65,4,5,5,Champions
13451,27,11,7088.92,4,5,5,Champions
13170,27,1,108.81,4,1,1,New / Promising
18069,27,11,4449.02,4,5,5,Champions
16726,27,7,2063.88,4,4,4,Champions
12508,27,2,397.88,4,2,2,New / Promising
14382,27,2,1193.63,4,2,3,New / Promising
13603,27,1,164.34,4,1,1,New / Promising
17287,27,21,3826.86,4,5,5,Champions
13892,27,6,1267.65,4,4,4,Champions
15787,27,3,933.26,4,3,3,Loyal
17790,27,20,2779.41,4,5,4,Champions
16930,27,3,378.89,4,3,2,Loyal
13379,27,3,572.56,4,3,2,Loyal
16898,27,5,885.21,4,4,3,Champions
15411,27,4,1348.93,4,4,4,Champions
14044,27,10,3073.95,4,5,5,Champions
14487,27,7,1266.27,4,4,4,Champions
16720,27,3,566.74,4,3,2,Loyal
15599,27,3,1250.06,4,3,4,Loyal
13178,27,21,14059.19,4,5,5,Champions
13450,27,13,4120.04,4,5,5,Champions
13549,26,8,1005.8,4,4,3,Champions
12938,26,1,114.14,4,1,1,New / Promising
15291,26,39,13472.76,4,5,5,Champions
15681,26,14,2989.7,4,5,5,Champions
15125,26,24,17024.87,4,5,5,Champions
12689,26,2,1139.61,4,2,3,New / Promising
15168,26,1,106.56,4,1,1,New / Promising
15458,26,2,370.44,4,3,2,Loyal
18211,26,5,600.07,4,4,2,Champions
17538,26,1,98.42,4,1,1,New / Promising
16478,26,3,331.0,4,3,2,Loyal
17658,26,2,595.42,4,2,2,New / Promising
18082,26,1,680.84,4,2,3,New / Promising
14684,26,6,1430.03,4,4,4,Champions
17044,26,12,11962.3,4,5,5,Champions
15863,26,5,355.1,4,4,2,Champions
12374,26,3,2669.22,4,3,4,Loyal
16303,26,7,7928.27,4,4,5,Champions
14680,26,58,55688.5,4,5,5,Champions
15203,26,15,4400.18,4,5,5,Champions
16504,26,1,465.88,4,2,2,New / Promising
14953,26,4,968.82,4,4,3,Champions
15050,26,5,4087.19,4,4,5,Champions
15058,26,16,3387.58,4,5,5,Champions
16207,26,1,394.38,4,1,2,New / Promising
17793,26,1,300.34,4,1,2,New / Promising
14902,26,3,1035.62,4,3,3,Loyal
14494,26,3,401.46,4,3,2,Loyal
14530,26,16,6088.87,4,5,5,Champions
12642,26,3,905.26,4,3,3,Loyal
14862,26,2,841.2,4,2,3,New / Promising
17652,26,12,4867.72,4,5,5,Champions
15365,26,13,4557.13,4,5,5,Champions
18263,26,3,1213.16,4,3,4,Loyal
15532,26,10,3717.2,4,5,5,Champions
18117,26,1,314.4,4,1,2,New / Promising
17235,26,8,1562.98,4,5,4,Champions
15660,26,15,2603.69,4,5,4,Champions
12428,26,8,6405.26,4,5,5,Champions
17663,26,17,5175.83,4,5,5,Champions
17081,26,6,949.39,4,4,3,Champions
16936,26,2,548.29,4,2,2,New / Promising
16519,26,4,436.96,4,3,2,Loyal
15781,26,3,345.46,4,3,2,Loyal
13835,26,7,1095.27,4,4,3,Champions
13577,26,11,3484.28,4,5,5,Champions
13632,25,8,3645.81,4,4,5,Champions
18181,25,5,1188.34,4,4,3,Champions
14725,25,4,1246.86,4,4,4,Champions
12883,25,4,703.47,4,4,3,Champions
15981,25,21,9362.77,4,5,5,Champions
13058,25,3,271.4,4,3,1,Loyal
15720,25,2,739.22,4,2,3,New / Promising
17564,25,3,454.01,4,3,2,Loyal
15679,25,4,781.28,4,4,3,Champions
15955,25,22,8085.98,4,5,5,Champions
17220,25,21,4451.41,4,5,5,Champions
14522,25,8,1748.42,4,5,4,Champions
17777,25,3,647.56,4,3,3,Loyal
17540,25,6,1590.6,4,4,4,Champions
14544,25,3,2938.53,4,3,5,Loyal
17974,25,6,1739.09,4,4,4,Champions
12415,25,24,144033.37,4,5,5,Champions
17510,25,2,514.56,4,2,2,New / Promising
16240,25,2,3718.8,4,2,5,New / Promising
15419,25,1,135.86,4,1,1,New / Promising
15556,25,1,279.77,4,1,1,New / Promising
14533,25,11,3466.37,4,5,5,Champions
18043,25,3,529.29,4,3,2,Loyal
14853,25,5,1376.87,4,4,4,Champions
17153,25,1,213.78,4,1,1,New / Promising
16557,25,2,281.85,4,2,1,New / Promising
14666,25,1,179.95,4,1,1,New / Promising
18259,25,7,3941.9,4,4,5,Champions
17314,25,17,4904.43,4,5,5,Champions
16423,25,1,346.12,4,1,2,New / Promising
17357,25,2,384.39,4,2,2,New / Promising
13455,25,6,2212.99,4,4,4,Champions
15524,25,2,591.4,4,2,2,New / Promising
13692,25,5,3114.4,4,4,5,Champions
15582,25,3,682.91,4,3,3,Loyal
12676,25,10,2333.09,4,5,4,Champions
13614,25,6,2332.74,4,4,4,Champions
13846,25,4,1307.79,4,3,4,Loyal
14715,25,8,1809.55,4,4,4,Champions
12933,25,8,1636.63,4,5,4,Champions
13735,25,13,9762.77,4,5,5,Champions
14640,25,10,3649.36,4,5,5,Champions
18123,25,3,666.64,4,3,3,Loyal
13236,25,2,744.85,4,2,3,New / Promising
13066,25,2,470.8,4,2,2,New / Promising
15758,25,1,205.25,4,1,1,New / Promising
16341,25,7,3850.79,4,4,5,Champions
14714,25,4,906.24,4,4,3,Champions
12890,25,2,706.02,4,2,3,New / Promising
13410,25,9,2201.96,4,5,4,Champions
17198,24,3,692.22,4,3,3,Loyal
13926,24,1,223.85,4,1,1,New / Promising
17896,24,1,256.32,4,1,1,New / Promising
13449,24,1,291.88,4,1,2,New / Promising
17549,24,2,148.86,4,2,1,New / Promising
16999,24,2,484.82,4,2,2,New / Promising
16669,24,2,1344.48,4,3,4,Loyal
15432,24,2,320.76,4,3,2,Loyal
16855,24,2,328.4,4,3,2,Loyal
13816,24,2,499.67,4,3,2,Loyal
15269,24,3,1225.36,4,3,4,Loyal
16804,24,3,536.99,4,3,2,Loyal
12640,24,3,994.58,4,3,3,Loyal
13447,24,3,1129.14,4,3,3,Loyal
18059,24,3,306.46,4,3,2,Loyal
13894,24,3,564.62,4,3,2,Loyal
17680,24,3,497.45,4,3,2,Loyal
16204,24,3,918.71,4,3,3,Loyal
14851,24,3,829.41,4,3,3,Loyal
18246,24,3,758.82,4,3,3,Loyal
18167,24,3,1384.86,4,3,4,Loyal
16245,24,3,1413.66,4,3,4,Loyal
12991,24,3,764.82,4,3,3,Loyal
13500,24,4,1466.3,4,3,4,Loyal
15900,24,4,886.57,4,4,3,Champions
16916,24,4,896.12,4,4,3,Champions
18006,24,4,969.51,4,4,3,Champions
13575,24,5,732.07,4,4,3,Champions
16469,24,5,803.9,4,4,3,Champions
15584,24,6,1268.2,4,4,4,Champions
14948,24,6,1101.97,4,4,3,Champions
13285,24,6,3364.59,4,4,5,Champions
15110,24,6,1505.85,4,4,4,Champions
13939,24,7,1560.96,4,4,4,Champions
13131,24,7,3313.77,4,4,5,Champions
14286,24,7,8479.76,4,4,5,Champions
12993,24,8,1259.63,4,4,4,Champions
16809,24,9,1727.43,4,5,4,Champions
12626,24,9,5954.48,4,5,5,Champions
15051,24,9,3926.91,4,5,5,Champions
14507,24,11,3216.74,4,5,5,Champions
14626,24,11,5410.92,4,5,5,Champions
16085,24,12,2324.71,4,5,4,Champions
15967,24,12,2966.0,4,5,5,Champions
12910,24,13,5796.52,4,5,5,Champions
17596,24,13,4491.46,4,5,5,Champions
17368,24,14,2758.29,4,5,4,Champions
14898,24,14,3365.95,4,5,5,Champions
16717,24,14,6663.68,4,5,5,Champions
16008,24,15,5339.13,4,5,5,Champions
12731,24,17,25631.71,4,5,5,Champions
14426,24,17,11727.94,4,5,5,Champions
12500,24,18,5559.21,4,5,5,Champions
13629,24,19,13370.86,4,5,5,Champions
18075,24,20,5783.29,4,5,5,Champions
14057,24,22,8346.66,4,5,5,Champions
15805,24,30,10148.93,4,5,5,Champions
17377,24,78,17639.23,4,5,5,Champions
15983,23,8,3110.37,4,4,5,Champions
17797,23,8,1971.87,4,4,4,Champions
14416,23,2,490.22,4,3,2,Loyal
15287,23,5,856.03,4,4,3,Champions
14034,23,3,648.89,4,3,3,Loyal
13308,23,4,1670.37,4,3,4,Loyal
12847,23,2,1609.0,4,2,4,New / Promising
15267,23,5,1717.36,4,4,4,Champions
14508,23,5,822.92,4,4,3,Champions
16531,23,11,2298.33,4,5,4,Champions
17985,23,1,631.35,4,2,3,New / Promising
16009,23,4,972.11,4,4,3,Champions
12567,23,15,10741.48,4,5,5,Champions
15657,23,1,30.0,4,2,1,New / Promising
16869,23,4,817.12,4,4,3,Champions
17613,23,14,4544.55,4,5,5,Champions
12997,23,8,2110.91,4,4,4,Champions
15435,23,1,149.29,4,1,1,New / Promising
12449,23,5,4274.89,4,4,5,Champions
14332,23,5,1917.41,4,4,4,Champions
17799,23,20,6246.93,4,5,5,Champions
13138,23,7,1274.01,4,4,4,Champions
17397,23,3,1198.28,4,3,3,Loyal
16042,23,8,2245.32,4,4,4,Champions
15811,23,7,3392.55,4,4,5,Champions
15506,23,6,2030.33,4,4,4,Champions
15489,23,8,2419.61,4,4,4,Champions
12539,23,7,11186.75,4,4,5,Champions
16298,23,7,1085.7,4,4,3,Champions
16070,23,2,852.15,4,2,3,New / Promising
12477,23,9,20276.37,4,5,5,Champions
12406,23,5,6390.36,4,4,5,Champions
17461,23,3,735.82,4,3,3,Loyal
15864,23,7,2180.76,4,4,4,Champions
15529,23,12,4781.11,4,5,5,Champions
13028,23,2,661.32,4,2,3,New / Promising
12610,23,4,1747.54,4,3,4,Loyal
14362,23,1,151.5,4,1,1,New / Promising
17080,23,7,957.53,4,4,3,Champions
12753,23,6,21429.39,4,4,5,Champions
13160,23,1,91.8,4,1,1,New / Promising
16656,23,30,16833.17,4,5,5,Champions
15124,23,4,450.82,4,3,2,Loyal
17330,23,4,423.8,4,3,2,Loyal
12647,23,35,14109.55,4,5,5,Champions
16638,23,15,2380.13,4,5,4,Champions
12356,23,6,5611.73,4,4,5,Champions
17147,23,9,3199.95,4,5,5,Champions
12445,23,2,378.98,4,3,2,Loyal
18221,23,6,1424.94,4,4,4,Champions
12481,23,14,11033.51,4,5,5,Champions
14234,23,4,754.12,4,4,3,Champions
17828,23,4,1165.09,4,3,3,Loyal
13815,23,8,6737.74,4,5,5,Champions
14112,23,13,5834.59,4,5,5,Champions
13313,23,12,3445.32,4,5,5,Champions
16186,23,26,8718.43,4,5,5,Champions
15081,23,12,1854.57,4,5,4,Champions
13828,23,1,209.49,4,1,1,New / Promising
17095,23,7,2572.25,4,4,4,Champions
17716,23,24,15956.97,4,5,5,Champions
13871,23,17,7885.85,4,5,5,Champions
16871,23,6,2812.34,4,4,4,Champions
15563,23,6,2820.46,4,4,4,Champions
12444,22,5,4085.46,4,4,5,Champions
12380,22,8,7210.65,4,5,5,Champions
14903,22,5,2795.33,4,4,4,Champions
13960,22,2,230.22,4,2,1,New / Promising
16134,22,5,2145.34,4,4,4,Champions
17063,22,13,3638.53,4,5,5,Champions
17159,22,5,2099.59,4,4,4,Champions
13094,22,13,2209.44,4,5,4,Champions
16945,22,33,8548.16,4,5,5,Champions
15530,22,5,1808.68,4,4,4,Champions
17301,22,2,294.39,4,2,2,New / Promising
12578,22,4,4026.45,4,4,5,Champions
17650,22,1,166.08,4,1,1,New / Promising
18061,22,28,6083.81,4,5,5,Champions
16511,22,6,1758.49,4,4,4,Champions
17904,22,1,181.07,4,1,1,New / Promising
17779,22,3,650.32,4,3,3,Loyal
16350,22,9,2253.89,4,5,4,Champions
17888,22,25,1807.44,4,5,4,Champions
12391,22,6,2724.84,4,4,4,Champions
16463,22,4,1422.4,4,3,4,Loyal
17961,22,100,2866.74,4,5,4,Champions
14849,22,43,15407.61,4,5,5,Champions
14434,22,6,1372.8,4,4,4,Champions
16924,22,3,829.89,4,3,3,Loyal
14641,22,1,110.46,4,1,1,New / Promising
14342,22,6,918.44,4,4,3,Champions
17621,22,6,3175.12,4,4,5,Champions
16414,22,5,551.21,4,4,2,Champions
15933,22,3,1107.46,4,3,3,Loyal
13962,22,3,362.8,4,3,2,Loyal
16279,22,9,5698.28,4,5,5,Champions
18034,22,3,753.35,4,3,3,Loyal
12427,22,3,699.8,4,3,3,Loyal
12603,22,1,613.2,4,2,3,New / Promising
17163,22,4,699.78,4,3,3,Loyal
14820,22,9,1274.76,4,5,4,Champions
13117,22,18,2255.66,4,5,4,Champions
13516,22,4,1685.26,4,3,4,Loyal
13880,22,17,4293.86,4,5,5,Champions
12498,22,3,349.7,4,3,2,Loyal
17760,22,6,746.39,4,4,3,Champions
12931,22,57,92347.34,4,5,5,Champions
14285,22,8,3284.42,4,4,5,Champions
15088,22,2,1160.07,4,2,3,New / Promising
14593,22,12,3658.03,4,5,5,Champions
14793,22,2,625.9,4,2,3,New / Promising
13171,22,3,468.41,4,3,2,Loyal
15368,22,2,722.74,4,2,3,New / Promising
17286,22,3,389.18,4,3,2,Loyal
16293,22,15,4279.2,4,5,5,Champions
13941,22,15,10027.18,4,5,5,Champions
12618,22,1,137.31,4,1,1,New / Promising
15494,22,5,3702.6,4,4,5,Champions
14502,20,11,2426.79,4,5,4,Champions
14881,20,1,255.4,4,1,1,New / Promising
15919,20,2,525.69,4,2,2,New / Promising
15963,20,2,470.76,4,2,2,New / Promising
14704,20,9,1720.58,4,5,4,Champions
14052,20,2,466.66,4,2,2,New / Promising
14525,20,17,8018.59,4,5,5,Champions
15745,20,4,1094.59,4,3,3,Loyal
18110,20,2,392.28,4,3,2,Loyal
13118,20,9,2415.41,4,5,4,Champions
12523,20,23,4010.35,4,5,5,Champions
14116,20,5,1382.74,4,4,4,Champions
16212,20,4,1293.71,4,3,4,Loyal
16784,20,5,892.33,4,4,3,Champions
16464,20,3,1298.66,4,3,4,Loyal
13832,20,2,609.89,4,2,3,New / Promising
12597,20,4,3195.22,4,4,5,Champions
13988,20,8,4757.8,4,5,5,Champions
12702,20,1,201.0,4,1,1,New / Promising
14157,20,5,978.69,4,4,3,Champions
14359,20,3,912.18,4,3,3,Loyal
13200,20,4,870.09,4,4,3,Champions
15906,20,10,2530.19,4,5,4,Champions
13565,20,3,414.8,4,3,2,Loyal
18040,20,2,357.2,4,3,2,Loyal
14860,20,1,170.32,4,1,1,New / Promising
18127,20,4,556.13,4,3,2,Loyal
16762,20,3,1207.24,4,3,3,Loyal
16666,20,2,217.71,4,2,1,New / Promising
14664,20,2,636.24,4,2,3,New / Promising
15465,20,32,12100.4,4,5,5,Champions
14553,20,9,1818.6,4,5,4,Champions
17555,20,5,1045.74,4,4,3,Champions
15988,20,3,736.39,4,3,3,Loyal
15044,20,32,15769.01,4,5,5,Champions
15426,20,9,2156.35,4,5,4,Champions
17561,20,4,703.02,4,4,3,Champions
14477,20,7,1969.6,4,4,4,Champions
12540,20,32,19250.49,4,5,5,Champions
15533,20,3,807.57,4,3,3,Loyal
16411,20,4,756.39,4,4,3,Champions
13142,20,1,307.09,4,1,2,New / Promising
14950,20,1,371.2,4,1,2,New / Promising
14595,20,8,2164.45,4,4,4,Champions
13212,20,3,786.83,4,3,3,Loyal
14159,20,20,7849.58,5,5,5,Champions
17636,20,1,285.56,5,1,2,New / Promising
17738,20,13,4183.56,5,5,5,Champions
12395,20,15,4241.17,5,5,5,Champions
14984,20,6,1260.51,5,4,4,Champions
17758,20,12,4964.03,5,5,5,Champions
17387,20,2,746.81,5,2,3,New / Promising
15850,20,6,1006.75,5,4,3,Champions
16710,20,22,5921.35,5,5,5,Champions
16533,20,3,1082.81,5,3,3,Loyal
12778,20,9,1541.68,5,5,4,Champions
16399,20,3,628.42,5,3,3,Loyal
17425,20,2,759.17,5,2,3,New / Promising
16506,20,2,90.3,5,2,1,New / Promising
17384,20,3,507.55,5,3,2,Loyal
13427,20,6,1006.53,5,4,3,Champions
15645,19,3,1054.75,5,3,3,Loyal
17432,19,9,1728.99,5,5,4,Champions
16366,19,4,1548.13,5,3,4,Loyal
14198,19,9,1569.73,5,5,4,Champions
13282,19,4,1313.19,5,3,4,Loyal
17664,19,4,1166.23,5,3,3,Loyal
12504,19,4,689.05,5,3,3,Loyal
15738,19,41,13043.32,5,5,5,Champions
15671,19,7,2657.13,5,4,4,Champions
16369,19,7,2654.48,5,4,4,Champions
16713,19,32,14115.56,5,5,5,Champions
17253,19,1,178.26,5,1,1,New / Promising
15567,19,1,186.01,5,1,1,New / Promising
17010,19,1,195.36,5,1,1,New / Promising
15527,19,23,5554.04,5,5,5,Champions
15093,19,23,13702.38,5,5,5,Champions
13823,19,7,3403.45,5,4,5,Champions
14449,19,8,2230.96,5,4,4,Champions
12795,19,1,318.48,5,1,2,New / Promising
14030,19,20,7521.8,5,5,5,Champions
12658,19,1,632.05,5,2,3,New / Promising
14300,19,1,43.2,5,2,1,New / Promising
15115,19,2,531.85,5,2,2,New / Promising
14883,19,6,761.59,5,4,3,Champions
15857,19,2,570.48,5,2,2,New / Promising
14447,19,6,1711.73,5,4,4,Champions
13430,19,2,679.45,5,2,3,New / Promising
14551,19,7,878.09,5,4,3,Champions
17625,19,8,5978.9,5,5,5,Champions
13673,19,2,387.44,5,2,2,New / Promising
13189,19,2,260.68,5,2,1,New / Promising
13971,19,14,4667.57,5,5,5,Champions
13739,19,2,292.2,5,2,2,New / Promising
15163,19,2,304.47,5,3,2,Loyal
18080,19,2,1231.5,5,3,4,Loyal
12904,19,2,496.06,5,3,2,Loyal
14587,19,9,1580.29,5,5,4,Champions
15179,19,13,7491.92,5,5,5,Champions
12462,19,2,937.59,5,3,3,Loyal
17100,19,2,971.74,5,3,3,Loyal
17227,19,12,1878.93,5,5,4,Champions
16406,19,3,528.36,5,3,2,Loyal
15676,19,3,3435.76,5,3,5,Loyal
13167,19,5,1113.15,5,4,3,Champions
16139,19,5,1111.15,5,4,3,Champions
15105,19,9,3094.91,5,5,5,Champions
14482,19,12,4306.72,5,5,5,Champions
15132,19,5,977.93,5,4,3,Champions
13862,19,9,2556.09,5,5,4,Champions
12984,19,1,97.5,5,1,1,New / Promising
12349,19,3,3678.69,5,3,5,Loyal
13246,19,11,3351.75,5,5,5,Champions
15106,18,5,1422.52,5,4,4,Champions
14657,18,6,1450.19,5,4,4,Champions
17519,18,15,4774.17,5,5,5,Champions
15497,18,9,8657.39,5,5,5,Champions
17075,18,10,2236.63,5,5,4,Champions
12586,18,4,2062.67,5,4,4,Champions
14768,18,2,192.6,5,2,1,New / Promising
12465,18,2,682.19,5,2,3,New / Promising
18139,18,6,8438.34,5,4,5,Champions
16365,18,15,3167.34,5,5,5,Champions
18249,18,1,95.34,5,1,1,New / Promising
17324,18,12,2171.07,5,5,4,Champions
14467,18,12,2203.24,5,5,4,Champions
16107,18,7,3204.16,5,4,5,Champions
17360,18,6,1200.51,5,4,3,Champions
14515,18,12,3724.06,5,5,5,Champions
17155,18,7,892.46,5,4,3,Champions
15977,18,2,1054.73,5,2,3,New / Promising
17500,18,3,1138.0,5,3,3,Loyal
17371,18,6,651.37,5,4,3,Champions
17073,18,4,1444.84,5,3,4,Loyal
16311,18,2,616.26,5,2,3,New / Promising
13403,18,3,229.5,5,3,1,Loyal
13456,18,6,1766.72,5,4,4,Champions
16128,18,11,3801.05,5,5,5,Champions
15634,18,2,554.65,5,2,2,New / Promising
17338,18,17,11880.54,5,5,5,Champions
15971,18,18,5897.88,5,5,5,Champions
14505,18,19,11873.08,5,5,5,Champions
16422,18,107,61656.42,5,5,5,Champions
12483,18,19,4069.18,5,5,5,Champions
14424,18,1,322.08,5,1,2,New / Promising
14297,18,4,1305.33,5,3,4,Loyal
13986,18,1,320.46,5,1,2,New / Promising
15699,18,1,309.65,5,1,2,New / Promising
16956,18,1,308.74,5,1,2,New / Promising
16261,18,6,1041.16,5,4,3,Champions
16164,18,3,822.48,5,3,3,Loyal
16722,18,22,8189.56,5,5,5,Champions
13238,18,6,1006.63,5,4,3,Champions
16985,18,23,10923.16,5,5,5,Champions
15845,18,11,4426.28,5,5,5,Champions
16633,18,6,2883.1,5,4,4,Champions
13488,18,23,14205.96,5,5,5,Champions
16607,18,25,5706.87,5,5,5,Champions
13322,18,1,199.48,5,1,1,New / Promising
13363,18,3,1623.86,5,3,4,Loyal
15116,18,4,1352.75,5,3,4,Loyal
12474,18,29,11310.75,5,5,5,Champions
12936,18,4,1063.9,5,3,3,Loyal
17600,18,1,161.67,5,1,1,New / Promising
14506,18,7,2960.25,5,4,5,Champions
17453,18,2,486.72,5,3,2,Loyal
12775,18,7,1551.12,5,4,4,Champions
14834,18,7,2206.16,5,4,4,Champions
16748,18,14,3637.33,5,5,5,Champions
16352,18,2,494.44,5,3,2,Loyal
12920,18,4,486.64,5,3,2,Loyal
13940,18,4,839.14,5,4,3,Champions
17297,18,1,128.18,5,1,1,New / Promising
16655,18,13,6423.26,5,5,5,Champions
17659,18,14,3586.99,5,5,5,Champions
13681,18,4,827.83,5,4,3,Champions
15150,18,13,8977.94,5,5,5,Champions
17759,18,5,1260.63,5,4,4,Champions
14329,18,15,9887.62,5,5,5,Champions
12656,18,8,5723.83,5,5,5,Champions
13268,18,10,3152.71,5,5,5,Champions
15965,18,13,2771.94,5,5,4,Champions
13247,18,4,501.12,5,3,2,Loyal
13499,18,5,1159.11,5,4,3,Champions
16330,18,7,625.38,5,4,3,Champions
13569,18,4,725.04,5,4,3,Champions
16532,18,5,8756.64,5,4,5,Champions
17700,17,14,6679.97,5,5,5,Champions
16079,17,3,1352.0,5,3,4,Loyal
13742,17,12,3107.87,5,5,5,Champions
15814,17,6,2634.44,5,4,4,Champions
13018,17,35,9763.16,5,5,5,Champions
17034,17,5,1276.42,5,4,4,Champions
15916,17,13,3145.24,5,5,5,Champions
15393,17,5,891.34,5,4,3,Champions
17469,17,17,5051.25,5,5,5,Champions
14020,17,4,1249.01,5,4,4,Champions
14581,17,2,409.65,5,2,2,New / Promising
12619,17,9,3085.7,5,5,5,Champions
16057,17,10,3854.85,5,5,5,Champions
15949,17,2,364.72,5,3,2,Loyal
14790,17,10,2526.62,5,5,4,Champions
17410,17,5,1214.72,5,4,4,Champions
14733,17,15,14335.15,5,5,5,Champions
13831,17,18,6585.54,5,5,5,Champions
15398,17,2,1345.53,5,3,4,Loyal
14205,17,9,2414.2,5,5,4,Champions
18084,17,3,795.23,5,3,3,Loyal
14335,17,2,454.86,5,2,2,New / Promising
13350,17,2,879.12,5,3,3,Loyal
12948,17,9,2317.43,5,5,4,Champions
17422,17,11,3594.76,5,5,5,Champions
13448,17,12,8386.22,5,5,5,Champions
16020,17,3,851.01,5,3,3,Loyal
17809,17,20,10085.89,5,5,5,Champions
14099,17,20,5750.91,5,5,5,Champions
13174,17,11,7972.46,5,5,5,Champions
17685,17,12,5454.95,5,5,5,Champions
13502,17,5,780.5,5,4,3,Champions
15743,17,4,775.96,5,4,3,Champions
16343,17,3,614.12,5,3,3,Loyal
16670,17,20,8030.15,5,5,5,Champions
12452,17,1,348.57,5,1,2,New / Promising
13650,17,10,3288.0,5,5,5,Champions
15727,17,15,9371.71,5,5,5,Champions
16900,17,3,882.16,5,3,3,Loyal
12557,17,8,18096.14,5,4,5,Champions
14912,17,5,1849.58,5,4,4,Champions
16255,17,15,4530.0,5,5,5,Champions
13139,17,8,8202.98,5,5,5,Champions
13644,17,4,2624.26,5,3,4,Loyal
14334,17,12,4318.48,5,5,5,Champions
14049,17,13,13023.4,5,5,5,Champions
17135,17,10,1716.38,5,5,4,Champions
17725,17,11,3439.08,5,5,5,Champions
14744,17,14,3660.08,5,5,5,Champions
13899,17,2,388.52,5,2,2,New / Promising
14336,17,4,1614.91,5,3,4,Loyal
17463,17,7,2535.26,5,4,4,Champions
16066,17,5,1521.04,5,4,4,Champions
15253,17,8,2055.09,5,4,4,Champions
14675,17,2,1015.58,5,3,3,Loyal
16660,17,7,1879.55,5,4,4,Champions
16653,17,2,1212.66,5,2,4,New / Promising
16185,17,3,644.72,5,3,3,Loyal
15901,17,6,667.89,5,4,3,Champions
13719,16,11,2782.1,5,5,4,Champions
13277,16,7,523.3,5,4,2,Champions
14805,16,7,1082.55,5,4,3,Champions
16609,16,7,5493.46,5,4,5,Champions
17516,16,6,947.5,5,4,3,Champions
18188,16,6,3280.59,5,4,5,Champions
12421,16,6,874.6,5,4,3,Champions
15632,16,8,3285.31,5,4,5,Champions
16271,16,8,3367.82,5,4,5,Champions
18161,16,6,1803.1,5,4,4,Champions
12388,16,8,3901.11,5,4,5,Champions
16173,16,6,1418.32,5,4,4,Champions
14987,16,8,1550.65,5,5,4,Champions
17671,16,5,2009.16,5,4,4,Champions
15594,16,5,1771.78,5,4,4,Champions
14277,16,8,16789.16,5,5,5,Champions
12937,16,9,3097.61,5,5,5,Champions
12757,16,9,4176.75,5,5,5,Champions
13588,16,9,2478.95,5,5,4,Champions
16566,16,5,614.66,5,4,3,Champions
12494,16,9,1563.27,5,5,4,Champions
15428,16,4,762.75,5,4,3,Champions
16885,16,4,683.35,5,3,3,Loyal
14591,16,4,1320.21,5,3,4,Loyal
17345,16,10,1586.63,5,5,4,Champions
13207,16,4,535.86,5,3,2,Loyal
16596,16,4,458.98,5,3,2,Loyal
18130,16,3,1059.39,5,3,3,Loyal
14756,16,3,2603.76,5,3,4,Loyal
17096,16,11,3697.93,5,5,5,Champions
16824,16,3,686.24,5,3,3,Loyal
15502,16,12,9542.92,5,5,5,Champions
17133,16,12,14622.33,5,5,5,Champions
17323,16,12,1547.64,5,5,4,Champions
16157,16,3,656.69,5,3,3,Loyal
17228,16,13,2820.03,5,5,4,Champions
16616,16,2,500.42,5,3,2,Loyal
15858,16,13,3552.41,5,5,5,Champions
16668,16,13,862.42,5,5,3,Champions
12705,16,13,11114.1,5,5,5,Champions
15034,16,14,8231.2,5,5,5,Champions
13995,16,14,3902.01,5,5,5,Champions
16189,16,2,215.48,5,2,1,New / Promising
14539,16,2,537.48,5,2,2,New / Promising
17458,16,2,529.58,5,2,2,New / Promising
17767,16,2,413.05,5,2,2,New / Promising
12784,16,2,1511.15,5,2,4,New / Promising
17727,16,1,1060.25,5,2,3,New / Promising
18184,16,1,49.8,5,2,1,New / Promising
12476,16,18,12319.91,5,5,5,Champions
15482,16,18,14377.36,5,5,5,Champions
15953,16,18,3440.34,5,5,5,Champions
15725,16,1,415.25,5,1,2,New / Promising
16570,16,20,7434.31,5,5,5,Champions
14607,16,20,22575.13,5,5,5,Champions
15270,16,21,8524.86,5,5,5,Champions
17247,16,1,280.09,5,1,1,New / Promising
17975,16,24,6693.03,5,5,5,Champions
16482,16,1,220.62,5,1,1,New / Promising
14709,16,25,8886.33,5,5,5,Champions
17139,16,25,19566.76,5,5,5,Champions
12709,16,32,29487.18,5,5,5,Champions
13638,16,1,122.64,5,1,1,New / Promising
15005,16,56,13752.58,5,5,5,Champions
15134,15,10,1596.29,5,5,4,Champions
17302,15,5,1135.63,5,4,3,Champions
15872,15,4,729.25,5,4,3,Champions
17557,15,4,575.46,5,3,2,Loyal
13978,15,2,196.79,5,2,1,New / Promising
13050,15,34,11877.29,5,5,5,Champions
13332,15,1,350.9,5,1,2,New / Promising
16327,15,16,10129.04,5,5,5,Champions
16719,15,14,3508.62,5,5,5,Champions
17624,15,4,1568.63,5,3,4,Loyal
14966,15,6,1064.26,5,4,3,Champions
15737,15,8,1188.12,5,4,3,Champions
17813,15,5,1698.07,5,4,4,Champions
12438,15,2,2466.85,5,2,4,New / Promising
15117,15,8,2485.97,5,4,4,Champions
12620,15,3,1303.41,5,3,4,Loyal
12531,15,2,1771.2,5,2,4,New / Promising
17348,15,9,2430.99,5,5,4,Champions
13437,15,7,3408.06,5,4,5,Champions
14710,15,13,1899.79,5,5,4,Champions
15382,15,12,13733.55,5,5,5,Champions
17385,15,1,256.11,5,1,1,New / Promising
15473,15,8,2046.0,5,4,4,Champions
16814,15,36,11914.95,5,5,5,Champions
14111,15,4,692.85,5,3,3,Loyal
16856,15,3,358.49,5,3,2,Loyal
13525,15,2,628.78,5,2,3,New / Promising
13149,15,4,1676.06,5,3,4,Loyal
14946,15,1,100.9,5,1,1,New / Promising
13579,15,5,1374.34,5,4,4,Champions
13048,15,9,4049.13,5,5,5,Champions
18172,15,52,17467.24,5,5,5,Champions
12681,15,44,26936.76,5,5,5,Champions
15793,15,8,2399.57,5,4,4,Champions
14703,15,1,318.17,5,1,2,New / Promising
17562,15,7,1122.38,5,4,3,Champions
13184,15,10,1667.95,5,5,4,Champions
17329,15,5,998.53,5,4,3,Champions
13589,15,6,1120.74,5,4,3,Champions
15186,15,5,1403.2,5,4,4,Champions
17365,13,15,8179.45,5,5,5,Champions
17864,13,5,876.57,5,4,3,Champions
16942,13,9,1904.99,5,5,4,Champions
15436,13,3,1067.75,5,3,3,Loyal
16024,13,3,478.71,5,3,2,Loyal
16983,13,11,3490.53,5,5,5,Champions
15009,13,3,1259.43,5,3,4,Loyal
13571,13,26,4537.26,5,5,5,Champions
17812,13,7,911.99,5,4,3,Champions
17068,13,47,8980.18,5,5,5,Champions
15351,13,10,3430.22,5,5,5,Champions
13546,13,5,1086.24,5,4,3,Champions
15747,13,9,2499.81,5,5,4,Champions
15861,13,12,4360.9,5,5,5,Champions
17769,13,17,7053.38,5,5,5,Champions
14577,13,7,1364.15,5,4,4,Champions
14954,13,2,462.12,5,2,2,New / Promising
13991,13,6,851.88,5,4,3,Champions
18001,13,6,924.14,5,4,3,Champions
18156,13,2,675.64,5,2,3,New / Promising
17885,13,1,156.34,5,1,1,New / Promising
15054,13,2,302.1,5,3,2,Loyal
16923,13,32,13157.13,5,5,5,Champions
13610,13,14,2102.46,5,5,4,Champions
16877,13,6,846.62,5,4,3,Champions
16407,13,14,2761.65,5,5,4,Champions
18112,13,4,773.36,5,4,3,Champions
13232,13,7,1327.75,5,4,4,Champions
13782,13,13,1786.08,5,5,4,Champions
14878,13,25,4076.5,5,5,5,Champions
14859,13,5,1705.64,5,4,4,Champions
17595,13,2,386.69,5,2,2,New / Promising
14093,13,1,433.86,5,2,2,New / Promising
15987,13,8,1535.99,5,5,4,Champions
17411,13,5,1425.38,5,4,4,Champions
18145,13,11,5609.74,5,5,5,Champions
16005,13,10,2365.07,5,5,4,Champions
13064,13,6,1666.84,5,4,4,Champions
15555,13,36,11233.78,5,5,5,Champions
17231,13,25,7064.8,5,5,5,Champions
17236,13,12,1929.26,5,5,4,Champions
15514,13,18,6388.28,5,5,5,Champions
17988,12,13,485.69,5,5,2,Champions
16364,12,2,705.79,5,2,3,New / Promising
17237,12,4,994.13,5,3,3,Loyal
17924,12,8,3257.7,5,4,5,Champions
15540,12,2,460.68,5,2,2,New / Promising
13418,12,31,11559.66,5,5,5,Champions
17651,12,16,5703.52,5,5,5,Champions
12906,12,5,2919.81,5,4,5,Champions
17359,12,2,284.46,5,2,1,New / Promising
16800,12,1,1162.65,5,2,3,New / Promising
17419,12,18,6126.25,5,5,5,Champions
18096,12,6,1638.16,5,4,4,Champions
17019,12,11,3586.99,5,5,5,Champions
13196,12,7,3068.84,5,4,5,Champions
14511,12,5,1314.81,5,4,4,Champions
16744,12,7,1291.91,5,4,4,Champions
13758,12,14,8595.29,5,5,5,Champions
12660,12,1,227.1,5,1,1,New / Promising
13914,12,2,626.45,5,2,3,New / Promising
13081,12,28,56838.37,5,5,5,Champions
17379,12,1,389.72,5,1,2,New / Promising
14470,12,3,712.04,5,3,3,Loyal
14215,12,9,3250.33,5,5,5,Champions
15838,12,34,73205.5,5,5,5,Champions
15511,12,5,900.53,5,4,3,Champions
13258,12,5,1009.43,5,4,3,Champions
13844,12,1,361.62,5,1,2,New / Promising
14741,12,7,1713.09,5,4,4,Champions
13030,12,2,752.44,5,2,3,New / Promising
12479,12,1,473.2,5,2,2,New / Promising
13389,12,3,797.96,5,3,3,Loyal
17929,12,12,3082.1,5,5,5,Champions
17739,12,18,7730.59,5,5,5,Champions
13590,12,18,6336.04,5,5,5,Champions
12668,12,9,9906.03,5,5,5,Champions
18101,12,5,622.01,5,4,3,Champions
13115,12,10,5494.7,5,5,5,Champions
14597,12,6,2184.63,5,4,4,Champions
13188,12,1,114.6,5,1,1,New / Promising
15721,12,1,471.4,5,2,2,New / Promising
14480,12,4,1299.52,5,3,4,Loyal
15022,12,5,1133.44,5,4,3,Champions
12657,12,4,1427.18,5,3,4,Loyal
17852,12,5,657.81,5,4,3,Champions
16347,12,11,3442.96,5,5,5,Champions
17031,12,6,2773.85,5,4,4,Champions
17299,12,6,993.23,5,4,3,Champions
17806,12,1,546.04,5,2,2,New / Promising
18229,12,28,10150.51,5,5,5,Champions
15714,12,5,783.96,5,4,3,Champions
13004,12,36,11650.85,5,5,5,Champions
17523,12,4,652.74,5,3,3,Loyal
18041,12,38,8018.77,5,5,5,Champions
14901,12,12,1919.0,5,5,4,Champions
13950,12,4,745.06,5,4,3,Champions
15561,12,8,1934.39,5,4,4,Champions
17188,12,13,4592.93,5,5,5,Champions
15601,12,30,14191.74,5,5,5,Champions
16094,12,11,3695.56,5,5,5,Champions
15571,12,14,3892.35,5,5,5,Champions
14290,12,8,4516.56,5,4,5,Champions
13266,12,19,6135.04,5,5,5,Champions
18118,11,29,6218.62,5,5,5,Champions
14701,11,15,4487.11,5,5,5,Champions
15239,11,2,780.59,5,2,3,New / Promising
13576,11,28,11202.59,5,5,5,Champions
13883,11,14,6535.37,5,5,5,Champions
13999,11,29,9502.26,5,5,5,Champions
17466,11,2,763.28,5,2,3,New / Promising
17711,11,2,385.1,5,2,2,New / Promising
13198,11,8,4974.23,5,5,5,Champions
13467,11,2,1071.91,5,2,3,New / Promising
14785,11,2,77.4,5,2,1,New / Promising
17306,11,21,9782.35,5,5,5,Champions
15218,11,22,11453.83,5,5,5,Champions
15148,11,1,301.29,5,1,2,New / Promising
15783,11,1,246.3,5,1,1,New / Promising
14550,11,4,1345.06,5,4,4,Champions
14961,11,22,16410.15,5,5,5,Champions
16818,11,11,3349.57,5,5,5,Champions
14419,11,7,1254.64,5,4,4,Champions
15297,11,3,641.94,5,3,3,Loyal
14711,11,11,2839.62,5,5,4,Champions
14321,11,7,2218.06,5,4,4,Champions
13211,11,10,2618.77,5,5,4,Champions
17468,11,3,194.8,5,3,1,Loyal
17682,11,11,4065.28,5,5,5,Champions
14452,11,4,658.95,5,3,3,Loyal
13147,11,4,712.8,5,4,3,Champions
14408,11,11,4102.27,5,5,5,Champions
14125,11,3,2720.63,5,3,4,Loyal
15790,11,1,218.75,5,1,1,New / Promising
12654,11,5,529.98,5,4,2,Champions
14667,11,54,20359.59,5,5,5,Champions
17655,11,9,2976.38,5,5,5,Champions
17772,11,3,360.75,5,3,2,Loyal
14601,11,1,213.96,5,1,1,New / Promising
13014,11,11,5381.08,5,5,5,Champions
13429,11,4,1006.8,5,3,3,Loyal
14723,11,11,1801.36,5,5,4,Champions
15615,11,47,21373.97,5,5,5,Champions
14554,11,4,2279.49,5,3,4,Loyal
12464,11,8,957.05,5,4,3,Champions
14824,11,10,4022.91,5,5,5,Champions
12670,11,7,3436.29,5,4,5,Champions
13349,11,1,197.32,5,1,1,New / Promising
14836,11,3,102.45,5,3,1,Loyal
13428,11,3,478.54,5,3,2,Loyal
12627,11,6,4082.53,5,4,5,Champions
16168,11,66,10360.67,5,5,5,Champions
14866,11,17,20700.04,5,5,5,Champions
16782,11,38,9636.12,5,5,5,Champions
15089,11,6,2420.84,5,4,4,Champions
15755,11,17,5993.12,5,5,5,Champions
14349,11,1,133.5,5,1,1,New / Promising
13068,11,2,344.0,5,3,2,Loyal
13657,11,2,382.14,5,2,2,New / Promising
16775,11,16,2820.84,5,5,4,Champions
16549,11,34,12781.8,5,5,5,Champions
15619,11,1,336.4,5,1,2,New / Promising
14180,11,33,6117.5,5,5,5,Champions
13137,11,16,7586.94,5,5,5,Champions
14388,11,16,6388.2,5,5,5,Champions
14390,11,13,6150.03,5,5,5,Champions
14088,11,16,64036.8,5,5,5,Champions
17101,11,7,2507.05,5,4,4,Champions
12375,11,2,377.5,5,3,2,Loyal
16479,11,2,300.83,5,3,2,Loyal
16852,11,2,144.91,5,2,1,New / Promising
16992,11,13,5476.5,5,5,5,Champions
15197,11,6,1877.51,5,4,4,Champions
13928,11,4,464.57,5,3,2,Loyal
13496,11,2,653.33,5,2,3,New / Promising
15206,11,4,420.3,5,3,2,Loyal
14173,11,6,586.0,5,4,2,Champions
14209,11,15,4993.27,5,5,5,Champions
12727,11,10,4905.53,5,5,5,Champions
12798,11,4,8510.93,5,3,5,Loyal
12451,11,8,12629.88,5,5,5,Champions
14713,10,21,5115.36,5,5,5,Champions
15444,10,2,1411.21,5,2,4,New / Promising
16265,10,12,6685.17,5,5,5,Champions
14385,10,3,202.11,5,3,1,Loyal
14432,10,6,2248.5,5,4,4,Champions
15414,10,3,774.9,5,3,3,Loyal
15394,10,11,5286.8,5,5,5,Champions
15903,10,12,8939.84,5,5,5,Champions
15073,10,8,2788.02,5,4,4,Champions
18230,10,9,4291.06,5,5,5,Champions
15611,10,24,2976.28,5,5,5,Champions
12714,10,12,12815.71,5,5,5,Champions
14540,10,11,3709.64,5,5,5,Champions
15046,10,25,7604.84,5,5,5,Champions
17911,10,1,366.23,5,1,2,New / Promising
14062,10,24,25585.65,5,5,5,Champions
12528,10,6,1645.48,5,4,4,Champions
15544,10,20,7807.89,5,5,5,Champions
15113,10,3,3509.04,5,3,5,Loyal
15467,10,3,524.88,5,3,2,Loyal
14448,10,2,375.35,5,3,2,Loyal
13012,10,11,2957.83,5,5,5,Champions
15782,10,4,4014.1,5,4,5,Champions
13203,10,10,2648.25,5,5,4,Champions
12953,10,2,828.81,5,2,3,New / Promising
18158,10,2,453.4,5,2,2,New / Promising
12598,10,10,4192.09,5,5,5,Champions
17502,10,4,689.1,5,3,3,Loyal
16657,10,4,874.43,5,4,3,Champions
15039,10,93,39141.48,5,5,5,Champions
12966,10,1,160.18,5,1,1,New / Promising
16915,10,11,1543.18,5,5,4,Champions
12957,10,13,8706.97,5,5,5,Champions
14893,10,3,1809.61,5,3,4,Loyal
15654,10,2,922.53,5,3,3,Loyal
15152,10,14,5263.83,5,5,5,Champions
16241,10,16,3989.81,5,5,5,Champions
17736,10,3,377.44,5,3,2,Loyal
14618,10,7,1342.32,5,4,4,Champions
15024,10,16,3559.39,5,5,5,Champions
17288,10,11,2468.43,5,5,4,Champions
16712,10,13,4225.22,5,5,5,Champions
13362,10,7,5394.07,5,4,5,Champions
16295,10,4,1328.55,5,4,4,Champions
12429,10,8,5842.41,5,5,5,Champions
18241,10,21,2986.99,5,5,5,Champions
14156,10,144,303069.88,5,5,5,Champions
13784,10,14,2910.23,5,5,5,Champions
14755,10,25,9972.55,5,5,5,Champions
14005,10,5,2874.72,5,4,4,Champions
17737,10,2,168.24,5,2,1,New / Promising
18179,10,8,2547.55,5,4,4,Champions
12921,10,74,35233.24,5,5,5,Champions
15712,10,12,3472.41,5,5,5,Champions
16361,10,4,891.21,5,4,3,Champions
14258,10,25,32051.34,5,5,5,Champions
12882,10,2,1463.04,5,2,4,New / Promising
18058,10,3,774.06,5,3,3,Loyal
13255,10,3,678.76,5,3,3,Loyal
12488,10,3,1244.66,5,3,4,Loyal
15251,10,21,20324.54,5,5,5,Champions
15680,10,10,4028.69,5,5,5,Champions
12630,10,2,1030.88,5,2,3,New / Promising
12524,10,17,9794.11,5,5,5,Champions
14963,10,12,3123.57,5,5,5,Champions
16062,10,8,2863.45,5,4,4,Champions
12787,10,4,799.18,5,4,3,Champions
16115,10,12,2553.8,5,5,4,Champions
13658,10,9,6025.5,5,5,5,Champions
13647,10,8,3041.68,5,4,5,Champions
16701,9,26,9916.73,5,5,5,Champions
14804,9,1,353.27,5,1,2,New / Promising
16813,9,10,1652.18,5,5,4,Champions
12572,9,2,912.42,5,3,3,Loyal
12901,9,28,17654.54,5,5,5,Champions
15380,9,11,3248.96,5,5,5,Champions
14243,9,17,7217.75,5,5,5,Champions
14178,9,7,1580.26,5,4,4,Champions
12562,9,9,4426.92,5,5,5,Champions
15172,9,5,1624.05,5,4,4,Champions
17768,9,7,3292.73,5,4,5,Champions
17576,9,41,8705.6,5,5,5,Champions
18077,9,18,4078.79,5,5,5,Champions
15602,9,16,3137.96,5,5,5,Champions
14766,9,11,6375.73,5,5,5,Champions
14287,9,3,176.63,5,3,1,Loyal
14298,9,82,91194.49,5,5,5,Champions
17321,9,6,1665.21,5,4,4,Champions
14309,9,11,3780.81,5,5,5,Champions
17426,9,13,8077.77,5,5,5,Champions
16169,9,4,1822.97,5,3,4,Loyal
15531,9,2,1972.39,5,2,4,New / Promising
12963,9,12,3235.79,5,5,5,Champions
14146,9,12,9450.3,5,5,5,Champions
13854,9,39,11944.56,5,5,5,Champions
13040,9,2,676.99,5,2,3,New / Promising
15687,9,9,2993.1,5,5,5,Champions
14047,9,14,3968.11,5,5,5,Champions
15951,9,3,1013.17,5,3,3,Loyal
12664,9,11,5420.04,5,5,5,Champions
16966,9,7,2154.97,5,4,4,Champions
14655,9,7,3878.51,5,4,5,Champions
14289,9,6,911.26,5,4,3,Champions
16496,9,6,2330.77,5,4,4,Champions
12553,9,12,4104.75,5,5,5,Champions
12951,9,15,3213.72,5,5,5,Champions
15948,9,3,1509.09,5,3,4,Loyal
18122,9,6,1791.84,5,4,4,Champions
15904,9,1,164.68,5,1,1,New / Promising
16156,9,20,6188.18,5,5,5,Champions
17381,9,38,36398.65,5,5,5,Champions
15434,9,11,2567.06,5,5,4,Champions
14262,9,8,2618.23,5,4,4,Champions
16700,9,25,8830.77,5,5,5,Champions
14440,9,13,5982.03,5,5,5,Champions
13509,9,7,1099.72,5,4,3,Champions
15028,9,6,962.94,5,4,3,Champions
15500,9,4,1131.56,5,3,3,Loyal
16789,9,1,80.8,5,2,1,New / Promising
14367,9,16,9227.82,5,5,5,Champions
13159,9,4,1429.35,5,3,4,Loyal
14869,9,6,2778.14,5,4,4,Champions
15144,9,29,12160.31,5,5,5,Champions
16376,9,2,974.96,5,3,3,Loyal
15993,9,7,2768.97,5,4,4,Champions
15101,9,6,1477.94,5,4,4,Champions
17115,9,7,2761.49,5,4,4,Champions
16938,9,9,6995.36,5,5,5,Champions
13090,9,23,13076.74,5,5,5,Champions
16839,9,44,21758.25,5,5,5,Champions
14732,9,19,5517.07,5,5,5,Champions
12919,9,6,1335.19,5,4,4,Champions
14299,9,27,14070.25,5,5,5,Champions
16145,9,19,6805.44,5,5,5,Champions
16011,9,29,5599.31,5,5,5,Champions
17566,9,2,869.77,5,3,3,Loyal
15060,9,4,293.0,5,4,2,Champions
17293,9,17,3750.63,5,5,5,Champions
16119,9,8,1720.81,5,5,4,Champions
15021,9,12,2500.59,5,5,4,Champions
15862,9,13,2507.14,5,5,4,Champions
14960,9,2,221.27,5,2,1,New / Promising
15373,9,17,3084.54,5,5,5,Champions
16242,9,14,7404.65,5,5,5,Champions
14659,9,9,2529.93,5,5,4,Champions
17014,9,3,583.43,5,3,2,Loyal
17450,9,51,244784.25,5,5,5,Champions
17350,9,7,1893.7,5,4,4,Champions
17937,9,7,4301.22,5,4,5,Champions
18174,8,2,162.5,5,2,1,New / Promising
14865,8,4,92.52,5,3,1,Loyal
17183,8,6,3347.31,5,4,5,Champions
18245,8,20,6324.98,5,5,5,Champions
15271,8,24,4528.54,5,5,5,Champions
16103,8,22,6191.71,5,5,5,Champions
16333,8,22,26626.8,5,5,5,Champions
12558,8,1,269.96,5,1,1,New / Promising
18097,8,11,4627.92,5,5,5,Champions
12970,8,10,1452.54,5,5,4,Champions
14126,8,4,1172.46,5,3,3,Loyal
16759,8,3,789.79,5,3,3,Loyal
12700,8,4,4525.99,5,3,5,Loyal
12364,8,4,1208.1,5,4,4,Champions
17495,8,3,806.72,5,3,3,Loyal
15078,8,52,17276.73,5,5,5,Champions
14788,8,3,1156.32,5,3,3,Loyal
15769,8,46,88612.52,5,5,5,Champions
14250,8,3,1904.05,5,3,4,Loyal
17221,8,5,976.62,5,4,3,Champions
14031,8,44,39019.51,5,5,5,Champions
14560,8,44,6114.03,5,5,5,Champions
17567,8,9,4838.08,5,5,5,Champions
12587,8,1,104.0,5,1,1,New / Promising
17686,8,9,8296.81,5,5,5,Champions
13780,8,3,732.07,5,3,3,Loyal
16038,8,3,471.78,5,3,2,Loyal
13953,8,12,6640.68,5,5,5,Champions
13884,8,10,1825.03,5,5,4,Champions
14895,8,38,25119.54,5,5,5,Champions
14594,8,2,363.33,5,3,2,Loyal
14428,8,5,1224.06,5,4,4,Champions
13969,8,35,12973.46,5,5,5,Champions
17386,8,7,2812.77,5,4,4,Champions
13868,8,2,3192.54,5,3,5,Loyal
14493,8,10,5087.86,5,5,5,Champions
12704,8,8,1740.84,5,5,4,Champions
16899,8,8,1695.77,5,5,4,Champions
12962,8,2,266.39,5,2,1,New / Promising
13495,8,10,4863.31,5,5,5,Champions
18055,8,14,10142.64,5,5,5,Champions
12695,8,7,1371.12,5,4,4,Champions
14688,8,28,7190.42,5,5,5,Champions
13183,8,15,7036.18,5,5,5,Champions
15123,8,5,4656.17,5,4,5,Champions
17611,8,28,8287.53,5,5,5,Champions
18282,8,2,178.05,5,2,1,New / Promising
17086,8,6,2050.08,5,4,4,Champions
14092,8,24,7229.45,5,5,5,Champions
13560,8,1,171.42,5,1,1,New / Promising
12684,8,6,2073.63,5,4,4,Champions
13705,8,7,1717.19,5,4,4,Champions
14292,8,16,9226.25,5,5,5,Champions
17584,8,6,5309.42,5,4,5,Champions
13458,8,16,11959.27,5,5,5,Champions
16359,8,16,2697.75,5,5,4,Champions
14023,8,2,584.07,5,2,2,New / Promising
12856,8,6,2170.78,5,4,4,Champions
14897,8,8,3140.54,5,4,5,Champions
16989,8,6,1133.25,5,4,3,Champions
15547,8,26,10002.65,5,5,5,Champions
16440,8,6,3856.97,5,4,5,Champions
12762,8,2,1702.52,5,2,4,New / Promising
13017,8,1,204.0,5,1,1,New / Promising
17942,8,1,77.5,5,2,1,New / Promising
13297,8,7,4368.62,5,4,5,Champions
16474,8,7,1810.49,5,4,4,Champions
18144,8,19,4892.95,5,5,5,Champions
15539,8,1,538.46,5,2,2,New / Promising
17157,8,19,5151.9,5,5,5,Champions
15570,8,25,8736.49,5,5,5,Champions
13309,8,6,1706.37,5,4,4,Champions
17954,6,19,3801.83,5,5,5,Champions
17827,6,6,2376.17,5,4,4,Champions
13704,6,9,2308.06,5,5,4,Champions
12827,6,3,430.15,5,3,2,Loyal
17750,6,9,1694.16,5,5,4,Champions
12560,6,2,1918.01,5,3,4,Loyal
13153,6,1,486.22,5,2,2,New / Promising
16988,6,2,382.67,5,2,2,New / Promising
13319,6,58,21323.22,5,5,5,Champions
17618,6,11,4001.64,5,5,5,Champions
13956,6,5,1019.27,5,4,3,Champions
12490,6,20,8764.64,5,5,5,Champions
17858,6,30,12518.65,5,5,5,Champions
16905,6,17,4704.27,5,5,5,Champions
17936,6,1,380.13,5,1,2,New / Promising
17629,6,10,2455.52,5,5,4,Champions
12952,6,4,1387.79,5,3,4,Loyal
14546,6,11,5184.84,5,5,5,Champions
15867,6,31,8869.87,5,5,5,Champions
12673,6,3,1140.02,5,3,3,Loyal
13558,6,4,594.52,5,3,2,Loyal
14456,6,9,3014.32,5,5,5,Champions
12724,6,7,2083.52,5,4,4,Champions
12719,6,2,572.95,5,2,2,New / Promising
16931,6,23,5032.22,5,5,5,Champions
13736,6,7,2752.47,5,4,4,Champions
15773,6,2,774.52,5,2,3,New / Promising
14720,6,3,663.81,5,3,3,Loyal
14102,6,5,1105.88,5,4,3,Champions
16033,6,27,10608.81,5,5,5,Champions
18065,6,28,5846.63,5,5,5,Champions
17131,6,5,2463.17,5,4,4,Champions
16535,6,2,952.04,5,3,3,Loyal
16283,6,8,4348.62,5,4,5,Champions
13838,6,10,1690.07,5,5,4,Champions
13808,6,5,1747.66,5,4,4,Champions
17114,6,8,801.12,5,4,3,Champions
13435,6,9,4447.33,5,5,5,Champions
13630,6,7,2031.78,5,4,4,Champions
16561,6,2,511.12,5,2,2,New / Promising
13596,6,2,664.11,5,2,3,New / Promising
14354,6,2,163.62,5,2,1,New / Promising
14583,6,8,1660.29,5,5,4,Champions
16326,6,24,4626.25,5,5,5,Champions
14658,6,2,247.15,5,2,1,New / Promising
16438,6,5,798.35,5,4,3,Champions
13822,6,2,632.0,5,2,3,New / Promising
17173,6,8,3766.6,5,4,5,Champions
15358,5,42,16425.86,5,5,5,Champions
16746,5,42,18045.05,5,5,5,Champions
16682,5,5,1028.0,5,4,3,Champions
15550,5,12,2211.05,5,5,4,Champions
15097,5,3,908.35,5,3,3,Loyal
16149,5,3,422.22,5,3,2,Loyal
14759,5,3,1625.97,5,3,4,Loyal
17526,5,12,3939.24,5,5,5,Champions
17254,5,3,469.48,5,3,2,Loyal
17811,5,47,9513.1,5,5,5,Champions
16851,5,3,342.45,5,3,2,Loyal
14696,5,8,2473.28,5,4,4,Champions
13083,5,3,395.43,5,3,2,Loyal
17218,5,18,3889.39,5,5,5,Champions
14060,5,30,8898.24,5,5,5,Champions
15856,5,52,32274.69,5,5,5,Champions
15572,5,10,3965.2,5,5,5,Champions
15145,5,4,1194.73,5,4,3,Champions
12994,5,3,974.42,5,3,3,Loyal
17920,5,54,23569.88,5,5,5,Champions
16684,5,55,147142.77,5,5,5,Champions
12683,5,20,10445.7,5,5,5,Champions
14219,5,3,633.83,5,3,3,Loyal
12381,5,3,1474.81,5,3,4,Loyal
14739,5,25,11573.62,5,5,5,Champions
18044,5,18,3505.61,5,5,5,Champions
18180,5,6,1843.75,5,4,4,Champions
16500,5,9,843.91,5,5,3,Champions
16360,5,6,3450.41,5,4,5,Champions
17676,5,10,2448.64,5,5,4,Champions
14608,5,10,3342.94,5,5,5,Champions
16592,5,28,7807.91,5,5,5,Champions
15031,5,14,3102.94,5,5,5,Champions
15274,5,2,716.57,5,2,3,New / Promising
12782,5,11,3862.24,5,5,5,Champions
18030,5,2,230.65,5,2,1,New / Promising
17857,5,23,25769.54,5,5,5,Champions
17579,5,4,753.28,5,4,3,Champions
13079,5,6,419.18,5,4,2,Champions
14401,5,22,6795.9,5,5,5,Champions
16968,5,2,439.43,5,2,2,New / Promising
15690,5,2,239.76,5,2,1,New / Promising
17006,5,8,1635.27,5,5,4,Champions
17402,5,22,4600.56,5,5,5,Champions
15640,5,29,23459.51,5,5,5,Champions
13985,5,22,10020.86,5,5,5,Champions
15053,5,3,693.95,5,3,3,Loyal
13230,5,30,6109.51,5,5,5,Champions
17090,5,13,3080.18,5,5,5,Champions
13126,5,13,3774.81,5,5,5,Champions
16379,5,4,2157.4,5,3,4,Loyal
17706,5,31,20272.15,5,5,5,Champions
16910,5,8,1508.96,5,5,4,Champions
17383,5,2,304.09,5,3,2,Loyal
15854,5,21,5578.28,5,5,5,Champions
15932,5,8,2495.87,5,4,4,Champions
14075,5,5,1724.87,5,4,4,Champions
15392,5,7,2911.62,5,4,5,Champions
13305,5,16,3616.41,5,5,5,Champions
12913,5,13,6283.24,5,5,5,Champions
16600,5,13,2153.41,5,5,4,Champions
12367,5,1,150.9,5,1,1,New / Promising
13001,5,33,24042.65,5,5,5,Champions
15033,5,10,2553.88,5,5,4,Champions
15621,5,4,1293.03,5,3,4,Loyal
14931,5,4,864.68,5,4,3,Champions
13311,5,2,598.57,5,2,2,New / Promising
12646,5,2,1346.97,5,3,4,Loyal
14083,5,11,1082.19,5,5,3,Champions
17404,5,21,47638.12,5,5,5,Champions
14629,5,2,955.26,5,3,3,Loyal
14194,5,36,18670.59,5,5,5,Champions
13173,5,11,2389.82,5,5,4,Champions
18015,5,1,120.03,5,1,1,New / Promising
16873,5,12,14617.39,5,5,5,Champions
12841,5,40,6958.2,5,5,5,Champions
13021,5,17,4887.24,5,5,5,Champions
14649,5,9,3651.19,5,5,5,Champions
15290,5,26,10496.28,5,5,5,Champions
16811,5,2,547.07,5,2,2,New / Promising
15628,5,17,5333.08,5,5,5,Champions
12925,5,3,729.33,5,3,3,Loyal
18198,5,17,5425.56,5,5,5,Champions
16200,5,12,5608.1,5,5,5,Champions
14096,5,17,53258.43,5,5,5,Champions
16513,5,4,874.59,5,4,3,Champions
18223,5,26,14000.85,5,5,5,Champions
13790,5,1,348.8,5,1,2,New / Promising
17817,5,6,788.15,5,4,3,Champions
12628,5,3,732.46,5,3,3,Loyal
16642,5,3,1077.45,5,3,3,Loyal
16904,5,20,4656.56,5,5,5,Champions
16597,5,1,90.04,5,1,1,New / Promising
13417,5,6,1669.49,5,4,4,Champions
16987,4,11,2499.45,5,5,4,Champions
12584,4,9,2254.15,5,5,4,Champions
14737,4,4,3554.17,5,4,5,Champions
16076,4,10,2234.73,5,5,4,Champions
13104,4,9,1709.1,5,5,4,Champions
13507,4,4,2479.16,5,3,4,Loyal
16016,4,11,2083.4,5,5,4,Champions
17705,4,11,2083.9,5,5,4,Champions
17481,4,4,1255.59,5,4,4,Champions
16495,4,3,648.26,5,3,3,Loyal
14121,4,4,2780.15,5,4,4,Champions
12820,4,11,2689.52,5,5,4,Champions
14572,4,11,5520.98,5,5,5,Champions
17593,4,11,8092.32,5,5,5,Champions
16015,4,3,704.26,5,3,3,Loyal
12723,4,5,707.07,5,4,3,Champions
13323,4,5,787.85,5,4,3,Champions
16979,4,9,2859.74,5,5,4,Champions
16711,4,9,2868.48,5,5,4,Champions
18154,4,5,932.6,5,4,3,Champions
14293,4,9,2903.01,5,5,5,Champions
15992,4,3,896.6,5,3,3,Loyal
14868,4,12,4184.01,5,5,5,Champions
16143,4,12,4555.08,5,5,5,Champions
15907,4,3,881.87,5,3,3,Loyal
12766,4,9,8134.99,5,5,5,Champions
14418,4,3,1937.25,5,3,4,Loyal
14871,4,9,1228.17,5,5,4,Champions
13199,4,66,15949.21,5,5,5,Champions
12971,4,116,15704.6,5,5,5,Champions
12716,4,2,963.49,5,3,3,Loyal
16764,4,13,2790.95,5,5,4,Champions
12749,4,9,6847.36,5,5,5,Champions
14140,4,2,935.05,5,3,3,Loyal
13755,4,9,2108.06,5,5,4,Champions
16569,4,5,1455.23,5,4,4,Champions
16313,4,2,274.15,5,2,1,New / Promising
17666,4,5,2047.8,5,4,4,Champions
15061,4,127,126387.57,5,5,5,Champions
16201,4,5,2112.12,5,4,4,Champions
14216,4,5,2150.04,5,4,4,Champions
13694,4,143,195640.69,5,5,5,Champions
15157,4,5,2654.11,5,4,4,Champions
18005,4,2,226.47,5,2,1,New / Promising
17728,4,5,4238.76,5,4,5,Champions
16790,4,6,1545.62,5,4,4,Champions
16949,4,6,1286.27,5,4,4,Champions
14547,4,8,3974.75,5,4,5,Champions
14907,4,16,5547.72,5,5,5,Champions
17119,4,2,606.91,5,2,3,New / Promising
13225,4,16,16260.07,5,5,5,Champions
14113,4,16,7092.61,5,5,5,Champions
17250,4,2,381.97,5,2,2,New / Promising
14673,4,7,3037.32,5,4,5,Champions
17861,4,18,5088.29,5,5,5,Champions
13994,4,6,2274.14,5,4,4,Champions
13709,4,18,7571.35,5,5,5,Champions
14503,4,6,3543.26,5,4,5,Champions
12478,4,1,545.99,5,2,2,New / Promising
12877,4,20,2942.14,5,5,5,Champions
12417,4,20,5998.41,5,5,5,Champions
17730,4,20,7773.8,5,5,5,Champions
17884,4,20,2693.47,5,5,4,Champions
15023,4,20,11555.5,5,5,5,Champions
17914,4,1,329.36,5,1,2,New / Promising
15318,4,1,312.62,5,1,2,New / Promising
16620,4,6,1758.93,5,4,4,Champions
18283,4,22,2658.95,5,5,4,Champions
16013,4,84,56078.44,5,5,5,Champions
15822,4,6,1840.06,5,4,4,Champions
16528,4,1,244.41,5,1,1,New / Promising
12650,4,1,242.44,5,1,1,New / Promising
14825,4,24,4735.08,5,5,5,Champions
16929,4,7,1295.39,5,4,4,Champions
14282,4,25,7250.76,5,5,5,Champions
17346,4,26,4991.41,5,5,5,Champions
18225,4,26,13014.8,5,5,5,Champions
14562,4,26,6638.15,5,5,5,Champions
15194,4,28,12021.53,5,5,5,Champions
14071,4,8,1422.75,5,4,4,Champions
14578,4,1,168.63,5,1,1,New / Promising
17290,4,8,1427.48,5,4,4,Champions
17744,4,7,2649.14,5,4,4,Champions
14110,4,33,12987.95,5,5,5,Champions
12989,4,33,13551.75,5,5,5,Champions
12442,4,1,144.06,5,1,1,New / Promising
16353,4,38,9795.46,5,5,5,Champions
17883,4,7,988.42,5,4,3,Champions
13881,4,43,45179.1,5,5,5,Champions
12682,4,51,20736.22,5,5,5,Champions
14735,4,55,12225.16,5,5,5,Champions
16133,4,56,22992.26,5,5,5,Champions
12362,4,10,4737.23,5,5,5,Champions
13078,4,57,29018.06,5,5,5,Champions
17266,3,5,501.72,5,4,2,Champions
16426,3,10,1863.76,5,5,4,Champions
13767,3,73,33903.57,5,5,5,Champions
16368,3,3,621.44,5,3,3,Loyal
12569,3,32,3152.69,5,5,5,Champions
14904,3,4,1630.49,5,3,4,Loyal
17238,3,32,7331.17,5,5,5,Champions
14085,3,32,9705.67,5,5,5,Champions
14708,3,5,1793.22,5,4,4,Champions
16817,3,13,2560.7,5,5,4,Champions
14032,3,16,4546.41,5,5,5,Champions
15525,3,4,887.72,5,4,3,Champions
17412,3,16,4220.22,5,5,5,Champions
16191,3,24,15677.82,5,5,5,Champions
14087,3,3,829.47,5,3,3,Loyal
14527,3,121,27191.1,5,5,5,Champions
15568,3,3,758.29,5,3,3,Loyal
12912,3,5,1662.3,5,4,4,Champions
16393,3,23,5297.77,5,5,5,Champions
12583,3,27,12493.58,5,5,5,Champions
13756,3,23,8655.95,5,5,5,Champions
17449,3,13,4865.15,5,5,5,Champions
14189,3,16,5503.15,5,5,5,Champions
12935,3,15,4243.86,5,5,5,Champions
14910,3,4,434.35,5,3,2,Loyal
18092,3,18,14693.72,5,5,5,Champions
12471,3,71,35099.9,5,5,5,Champions
13534,3,35,7720.9,5,5,5,Champions
17870,3,13,2753.29,5,5,4,Champions
15195,3,1,3861.0,5,2,5,New / Promising
16539,3,10,3289.66,5,5,5,Champions
15883,3,2,396.48,5,3,2,Loyal
13668,3,35,12948.48,5,5,5,Champions
13769,3,20,5478.12,5,5,5,Champions
14204,3,4,1024.83,5,3,3,Loyal
13949,3,6,2427.32,5,4,4,Champions
13267,3,36,9429.81,5,5,5,Champions
15750,3,18,6452.99,5,5,5,Champions
17097,3,9,1143.36,5,5,3,Champions
17434,3,7,2373.82,5,4,4,Champions
13870,3,15,5712.08,5,5,5,Champions
12347,3,8,4921.53,5,5,5,Champions
13685,3,7,3119.44,5,4,5,Champions
15136,3,4,1286.7,5,3,4,Loyal
16779,3,53,32809.03,5,5,5,Champions
17511,3,60,172132.87,5,5,5,Champions
14132,3,11,3586.03,5,5,5,Champions
14395,3,20,7801.93,5,5,5,Champions
12826,3,12,2800.75,5,5,4,Champions
13882,3,5,1191.13,5,4,3,Champions
15701,3,4,1529.0,5,3,4,Loyal
14794,3,10,1953.9,5,5,4,Champions
12839,3,26,9669.12,5,5,5,Champions
12615,3,8,5362.98,5,5,5,Champions
16672,3,20,8134.94,5,5,5,Champions
13743,3,7,1341.6,5,4,4,Champions
13089,3,203,113416.91,5,5,5,Champions
17835,3,3,342.24,5,3,2,Loyal
15969,3,5,1127.05,5,4,3,Champions
12720,3,29,6905.28,5,5,5,Champions
16525,3,48,24151.3,5,5,5,Champions
12783,3,4,1295.87,5,3,4,Loyal
14141,3,4,915.13,5,4,3,Champions
16000,3,3,12393.7,5,3,5,Loyal
17735,3,26,16790.33,5,5,5,Champions
17042,3,5,1036.58,5,4,3,Champions
15471,3,3,1292.01,5,3,4,Loyal
12950,3,3,1843.0,5,3,4,Loyal
12828,3,6,1018.71,5,4,3,Champions
18273,3,4,357.0,5,4,2,Champions
14534,3,26,6183.06,5,5,5,Champions
15498,3,44,24972.86,5,5,5,Champions
16678,3,12,3109.99,5,5,5,Champions
18272,3,9,4385.98,5,5,5,Champions
18237,3,5,987.1,5,4,3,Champions
17017,3,29,12576.99,5,5,5,Champions
17049,3,19,9942.53,5,5,5,Champions
18219,3,17,3352.7,5,5,5,Champions
15298,3,23,9061.77,5,5,5,Champions
17590,3,3,1466.77,5,3,4,Loyal
14769,3,17,15512.46,5,5,5,Champions
16458,3,30,5690.89,5,5,5,Champions
17232,3,2,417.77,5,2,2,New / Promising
12747,3,26,8898.48,5,5,5,Champions
17091,3,19,7495.75,5,5,5,Champions
15984,3,30,8393.02,5,5,5,Champions
17602,3,14,7354.43,5,5,5,Champions
14397,3,19,2612.96,5,5,4,Champions
17503,3,2,558.96,5,2,2,New / Promising
13318,2,3,640.76,5,3,3,Loyal
16833,2,6,2409.04,5,4,4,Champions
17405,2,3,1031.41,5,3,3,Loyal
13510,2,11,4558.29,5,5,5,Champions
15898,2,25,4992.7,5,5,5,Champions
13394,2,19,6621.7,5,5,5,Champions
16892,2,7,754.75,5,4,3,Champions
14653,2,11,3404.8,5,5,5,Champions
14730,2,8,1897.57,5,4,4,Champions
14606,2,184,29648.75,5,5,5,Champions
14569,2,4,597.33,5,3,2,Loyal
17491,2,17,5653.67,5,5,5,Champions
15796,2,17,5170.63,5,5,5,Champions
13436,2,1,196.89,5,1,1,New / Promising
15484,2,6,4652.1,5,4,5,Champions
17528,2,8,3628.5,5,4,5,Champions
14796,2,27,10167.77,5,5,5,Champions
13954,2,2,439.92,5,2,2,New / Promising
16523,2,28,11916.33,5,5,5,Champions
13098,2,28,28882.44,5,5,5,Champions
14646,2,145,526751.52,5,5,5,Champions
14191,2,15,4817.66,5,5,5,Champions
16891,2,11,1727.94,5,5,4,Champions
15187,2,15,4762.18,5,5,5,Champions
13269,2,28,8537.32,5,5,5,Champions
16794,2,15,2050.68,5,5,4,Champions
12358,2,5,3447.07,5,4,5,Champions
16358,2,5,2919.65,5,4,5,Champions
14251,2,5,2879.7,5,4,4,Champions
17451,2,7,1721.4,5,4,4,Champions
13013,2,29,11097.43,5,5,5,Champions
14702,2,29,6356.98,5,5,5,Champions
15443,2,14,5114.23,5,5,5,Champions
13536,2,7,3444.39,5,4,5,Champions
15214,2,8,1661.44,5,5,4,Champions
14911,2,373,272252.79,5,5,5,Champions
13404,2,2,252.49,5,2,1,New / Promising
13890,2,14,2927.38,5,5,5,Champions
17631,2,7,998.49,5,4,3,Champions
17554,2,5,1952.45,5,4,4,Champions
14520,2,2,270.6,5,2,1,New / Promising
17673,2,13,4173.88,5,5,5,Champions
16933,2,9,3099.3,5,5,5,Champions
15453,2,7,1371.77,5,4,4,Champions
15877,2,2,490.33,5,3,2,Loyal
13599,2,33,9811.04,5,5,5,Champions
14719,2,5,1581.84,5,4,4,Champions
16210,2,33,33730.97,5,5,5,Champions
13471,2,4,2501.84,5,3,4,Loyal
13468,2,72,12793.28,5,5,5,Champions
15159,2,34,22116.73,5,5,5,Champions
16322,2,2,326.75,5,3,2,Loyal
17668,2,2,347.75,5,3,2,Loyal
17675,2,70,37642.48,5,5,5,Champions
12621,2,35,22097.2,5,5,5,Champions
17949,2,116,107833.48,5,5,5,Champions
13860,2,5,1245.9,5,4,4,Champions
14138,2,2,965.88,5,3,3,Loyal
14129,2,9,2591.34,5,5,4,Champions
14698,2,5,1217.27,5,4,4,Champions
17144,2,2,984.57,5,3,3,Loyal
13102,2,37,11380.1,5,5,5,Champions
13263,2,38,8650.98,5,5,5,Champions
12437,2,38,11282.4,5,5,5,Champions
18109,2,38,9555.71,5,5,5,Champions
17530,2,12,2787.1,5,5,4,Champions
13026,2,9,1733.08,5,5,4,Champions
17243,2,69,20184.68,5,5,5,Champions
13680,2,12,11419.67,5,5,5,Champions
17315,2,41,9559.5,5,5,5,Champions
13314,2,3,775.94,5,3,3,Loyal
17522,2,5,1066.15,5,4,3,Champions
18210,2,7,2768.83,5,4,4,Champions
16161,2,43,12580.06,5,5,5,Champions
15237,2,4,1412.32,5,3,4,Loyal
13798,2,110,75428.87,5,5,5,Champions
15189,2,46,17524.38,5,5,5,Champions
16442,2,5,891.98,5,4,3,Champions
15156,2,3,961.49,5,3,3,Loyal
17677,2,54,35058.46,5,5,5,Champions
14621,2,9,3000.57,5,5,5,Champions
17856,2,4,1418.03,5,3,4,Loyal
17436,2,5,534.06,5,4,2,Champions
13408,2,106,50174.78,5,5,5,Champions
17757,2,56,9070.1,5,5,5,Champions
13521,2,3,1070.47,5,3,3,Loyal
17830,2,3,398.7,5,3,2,Loyal
12955,2,11,4757.16,5,5,5,Champions
15399,2,3,815.77,5,3,3,Loyal
13077,2,11,2740.65,5,5,4,Champions
16401,2,23,6847.45,5,5,5,Champions
13924,2,6,1838.85,5,4,4,Champions
14291,2,23,7904.1,5,5,5,Champions
14217,2,23,3298.59,5,5,5,Champions
16688,2,4,1260.86,5,4,4,Champions
17841,2,211,68519.95,5,5,5,Champions
14415,2,23,11980.09,5,5,5,Champions
14056,2,23,8152.71,5,5,5,Champions
15520,2,1,343.5,5,1,2,New / Promising
15208,2,6,970.52,5,4,3,Champions
17644,2,20,6028.6,5,5,5,Champions
14135,2,24,8839.67,5,5,5,Champions
13298,2,1,360.0,5,1,2,New / Promising
18102,1,145,580987.04,5,5,5,Champions
15694,1,23,9963.48,5,5,5,Champions
12518,1,5,1840.89,5,4,4,Champions
17490,1,9,2750.5,5,5,4,Champions
12748,1,322,49176.74,5,5,5,Champions
16626,1,17,4413.1,5,5,5,Champions
12680,1,4,790.81,5,4,3,Champions
15910,1,15,2661.17,5,5,4,Champions
17428,1,45,31466.76,5,5,5,Champions
12662,1,20,6130.54,5,5,5,Champions
15344,1,3,563.94,5,3,2,Loyal
17364,1,27,11614.45,5,5,5,Champions
17581,1,43,17951.17,5,5,5,Champions
17389,1,61,57215.33,5,5,5,Champions
16705,1,42,43515.05,5,5,5,Champions
12526,1,3,1172.66,5,3,3,Loyal
13777,1,61,49638.26,5,5,5,Champions
13069,1,38,9284.45,5,5,5,Champions
15311,1,207,114671.42,5,5,5,Champions
16558,1,38,13304.11,5,5,5,Champions
14446,1,5,1195.48,5,4,3,Champions
14051,1,37,21770.98,5,5,5,Champions
12713,1,1,794.55,5,2,3,New / Promising
13113,1,37,18230.07,5,5,5,Champions
17001,1,19,6640.8,5,5,5,Champions
14422,1,19,10271.52,5,5,5,Champions
12433,1,10,16794.14,5,5,5,Champions
12985,1,2,1239.38,5,3,4,Loyal
16954,1,20,6081.88,5,5,5,Champions
12423,1,10,2301.39,5,5,4,Champions
13426,1,22,8167.38,5,5,5,Champions
15804,1,13,4206.39,5,5,5,Champions
16446,1,2,168472.5,5,2,5,New / Promising
14441,1,11,4611.69,5,5,5,Champions
17754,1,13,4451.22,5,5,5,Champions
